https://www.academy.com/shop/pdp/salt-life%E2%84%A2-mens-blue-crab-pocket-t-shirt#repChildCatid=3104724; No parentSKU
https://www.academy.com/shop/pdp/under-armour%E2%84%A2-mens-halftone-reaper-t-shirt#repChildCatid=3523826; No parentSKU
https://www.academy.com/shop/pdp/under-armour%E2%84%A2-mens-freedom-initiative-support-the-troops-t-shirt#repChildCatid=3547530; No parentSKU
https://www.academy.com/shop/pdp/huk-mens-inked-catfish-short-sleeve-t-shirt#repChildCatid=3374009; No parentSKU
https://www.academy.com/shop/pdp/nike-mens-moving-mountains-t-shirt#repChildCatid=3454313; No parentSKU
https://www.academy.com/shop/pdp/under-armour%E2%84%A2-mens-freedom-by-air-t-shirt#repChildCatid=4166021; No parentSKU
https://www.academy.com/shop/pdp/under-armour%E2%84%A2-mens-fish-hunter-plaid-long-sleeve-shirt#repChildCatid=4134015; No parentSKU
https://www.academy.com/shop/pdp/columbia-sportswear%E2%84%A2-mens-twisted-creek%E2%84%A2-short-sleeve-shirt#repChildCatid=4074506; No parentSKU
https://www.academy.com/shop/pdp/nike-mens-dry-legend-swoosh-dega-t-shirt#repChildCatid=4740542; No parentSKU
https://www.academy.com/shop/pdp/magellan-outdoors%E2%84%A2-mens-tarpon-tribal-short-sleeve-t-shirt#repChildCatid=3696546; No parentSKU
https://www.academy.com/shop/ProductDisplay?urlRequestType=Base&productId=3402710&catalogId=10051&categoryId=15055&errorViewName=ProductDisplayErrorView&urlLangId=-1&attr=&langId=-1&top_category=&parent_category_rn=&storeId=10151#repChildCatid=3402854; No parentSKU
https://www.academy.com/shop/pdp/bcg-mens-bio-viz-tank-top#repChildCatid=4173949; No parentSKU
https://www.academy.com/shop/pdp/state-love-mens-palmetto-tree-short-sleeve-t-shirt#repChildCatid=4831054; No parentSKU
https://www.academy.com/shop/pdp/magellan-outdoors-mens-native-tattoo-short-sleeve-t-shirt#repChildCatid=4843011; No parentSKU
https://www.academy.com/shop/pdp/bcg-mens-turbo-melange-short#repChildCatid=4958030; No parentSKU
https://www.academy.com/shop/pdp/columbia-sportswear-mens-pfg-permit%E2%84%A2-ii-short#repChildCatid=3340555; No parentSKU
https://www.academy.com/shop/pdp/under-armour-mens-qualifier-printed-short#repChildCatid=4623703; No parentSKU
https://www.academy.com/shop/pdp/reebok-mens-workout-ready-knit-short#repChildCatid=3666579; No parentSKU
https://www.academy.com/shop/pdp/magellan-outdoors-mens-mesa-softshell-pant-with-scent-control#repChildCatid=4745111; No parentSKU
https://www.academy.com/shop/pdp/magellan-outdoors%E2%84%A2-mens-thermal-grid-fleece-heavyweight-baselayer-pant#repChildCatid=1289491; No parentSKU
https://www.academy.com/shop/pdp/magellan-outdoors-mens-softshell-ski-pant-104810930#repChildCatid=4883503; No parentSKU
https://www.academy.com/shop/pdp/nike-mens-pro-cool-compression-tight#repChildCatid=1470519; No parentSKU
https://www.academy.com/shop/pdp/kryptek-mens-valhalla-hunting-pant#repChildCatid=3640009; No parentSKU
https://www.academy.com/shop/pdp/magellan-outdoors%E2%84%A2-mens-5-pocket-slim-straight-jean#repChildCatid=3379277; No parentSKU
https://www.academy.com/shop/pdp/carhartt-mens-3-season-midweight-sweatshirt#repChildCatid=1161741; No parentSKU
https://www.academy.com/shop/pdp/nike-mens-therma-elite-basketball-hoodie#repChildCatid=4689355; No parentSKU
https://www.academy.com/shop/pdp/columbia-sportswear%E2%84%A2-mens-trail-shaker%E2%84%A2-hoodie#repChildCatid=3653048; No parentSKU
https://www.academy.com/shop/pdp/browning-mens-reversible-jacket#repChildCatid=901415; No parentSKU
https://www.academy.com/shop/ProductDisplay?urlRequestType=Base&productId=3114591&catalogId=10051&categoryId=15062&errorViewName=ProductDisplayErrorView&urlLangId=-1&attr=&langId=-1&top_category=&parent_category_rn=&storeId=10151#repChildCatid=3142549; No parentSKU
https://www.academy.com/shop/pdp/carhartt-mens-duck-detroit-blanket-lined-jacket#repChildCatid=1298367; No parentSKU
https://www.academy.com/shop/ProductDisplay?urlRequestType=Base&productId=1584454&catalogId=10051&categoryId=15062&errorViewName=ProductDisplayErrorView&urlLangId=-1&attr=&langId=-1&top_category=&parent_category_rn=&storeId=10151#repChildCatid=1584456; No parentSKU
https://www.academy.com/shop/pdp/magellan-outdoors-mens-jacket#repChildCatid=4767810; No parentSKU
https://www.academy.com/shop/pdp/magellan-outdoors-mens-systems-softshell-jacket#repChildCatid=4685053; No parentSKU
https://www.academy.com/shop/pdp/carhartt-mens-bankston-jacket#repChildCatid=1045337; No parentSKU
https://www.academy.com/shop/pdp/bcg%E2%84%A2-womens-short-sleeve-v-neck-heather-tech-t-shirt#repChildCatid=1409330; No parentSKU
https://www.academy.com/shop/pdp/bcg%E2%84%A2-womens-baby-rib-tank-top#repChildCatid=3347664; No parentSKU
https://www.academy.com/shop/pdp/under-armour%E2%84%A2-womens-coldgear-long-sleeve-shirt#repChildCatid=3793089; No parentSKU
https://www.academy.com/shop/pdp/simply-southern-womens-mandala-long-sleeve-t-shirt#repChildCatid=5043510; No parentSKU
https://www.academy.com/shop/pdp/adidas-womens-ultimate-short-sleeve-v-neck-t-shirt#repChildCatid=3747068; No parentSKU
https://www.academy.com/shop/pdp/511-tactical-womens-performance-polo-shirt#repChildCatid=1390101; No parentSKU
https://www.academy.com/shop/pdp/nike-womens-dry-solid-swoosh-tank-top#repChildCatid=4143147; No parentSKU
https://www.academy.com/shop/pdp/under-armour-womens-threadborne-twist-training-tank-top#repChildCatid=4319614; No parentSKU
https://www.academy.com/shop/pdp/nike-womens-dry-just-do-it-legend-tomboy-training-tank-top#repChildCatid=4559888; No parentSKU
https://www.academy.com/shop/pdp/adidas-womens-away-day-tank-top#repChildCatid=4144049; No parentSKU
https://www.academy.com/shop/pdp/under-armour-womens-girl-boss-muscle-tank-top#repChildCatid=4645827; No parentSKU
https://www.academy.com/shop/pdp/under-armour%E2%84%A2-womens-slub-flowy-tank-top#repChildCatid=3402561; No parentSKU
https://www.academy.com/shop/pdp/browning-womens-buckmark-t-shirt-107300185#repChildCatid=3475588; No parentSKU
https://www.academy.com/shop/pdp/bcg%E2%84%A2-womens-run-v-neck-reflective-racerback-tank-top#repChildCatid=3713311; No parentSKU
https://www.academy.com/shop/pdp/bcg%E2%84%A2-womens-lifestyle-vital-element-long-sleeve-top#repChildCatid=3814390; No parentSKU
https://www.academy.com/shop/pdp/magellan-outdoors-womens-long-sleeve-willow-creek-knit-shirt#repChildCatid=4823004; No parentSKU
https://www.academy.com/shop/pdp/bcg%E2%84%A2-womens-moisture-wicking-running-short#repChildCatid=1486649; No parentSKU
https://www.academy.com/shop/pdp/bcg-womens-training-volley-short#repChildCatid=3317285; No parentSKU
https://www.academy.com/shop/pdp/bcg-womens-training-bike-short#repChildCatid=3573167; No parentSKU
