CODIGO NVO.,Nombre,,,,Precio,,,,Foto 1,,Marca
322-9999-27,AHORCADOR PARA CHICOTE MINI Largo: 5mm Diametro 4mm NAL,,AHORCADORES,,133,,,,http://www.qaccesorios.com.mx/Productos/Automotriz/322-9999-27.jpg,,UNIVERSAL; PARA TODOS LOS AÑOS
322-9999-28,AHORCADOR PARA CHICOTE CHICO Largo: 5mm Diametro 6mm NAL,,AHORCADORES,,133,,,,http://www.qaccesorios.com.mx/Productos/Automotriz/322-9999-28.jpg,,UNIVERSAL; PARA TODOS LOS AÑOS
322-9999-29,AHORCADOR PARA CHICOTE GRANDE Largo 8mm Diametro 5mm NAL,,AHORCADORES,,133,,,,http://www.qaccesorios.com.mx/Productos/Automotriz/322-9999-29.jpg,,UNIVERSAL; PARA TODOS LOS AÑOS
300-0799-05,AJUSTE DE UNIDAD  76 VARIOS MODELOS TORNILLO: 12-28 X 2 USA,,AJUSTES DE UNIDAD,,308,,,,http://www.qaccesorios.com.mx/Productos/Automotriz/300-0799-05.jpg,,CHRYSLER UNIVERSAL 1976-1976
300-0699-07,AJUSTE DE UNIDAD  AUTOS VARIOS MODELOS 12-28 X 2 USA,,AJUSTES DE UNIDAD,,210,,,,http://www.qaccesorios.com.mx/Productos/Automotriz/300-0699-07.jpg,,CHEVROLET UNIVERSAL; PARA TODOS LOS AÑOS
300-0699-08,AJUSTE DE UNIDAD  VARIOS MODELOS # 1 TORNILLO: 1/4-28X2 USA BLANCO,,AJUSTES DE UNIDAD,,175,,,,http://www.qaccesorios.com.mx/Productos/Automotriz/300-0699-08.jpg,,CHEVROLET UNIVERSAL; PARA TODOS LOS AÑOS
300-0699-09,AJUSTE DE UNIDAD  VARIOS MODELOS/AMC TORNILLO 1/4-28X2 USA,,AJUSTES DE UNIDAD,,232,,,,http://www.qaccesorios.com.mx/Productos/Automotriz/300-0699-09.jpg,,CHEVROLET UNIVERSAL; PARA TODOS LOS AÑOS
300-0699-10,AJUSTE DE UNIDAD  AUTOS VARIOS MODELOS # 2 TORNILLO: 1/4-28X2 USA VERDE,,AJUSTES DE UNIDAD,,148,,,,http://www.qaccesorios.com.mx/Productos/Automotriz/300-0699-10.jpg,,CHEVROLET UNIVERSAL; PARA TODOS LOS AÑOS
300-0699-11,AJUSTE DE UNIDAD  VARIOS MODELOS TORNILLO 1/4-28X2 USA,,AJUSTES DE UNIDAD,,148,,,,http://www.qaccesorios.com.mx/Productos/Automotriz/300-0699-11.jpg,,CHEVROLET UNIVERSAL; PARA TODOS LOS AÑOS
300-0699-12,AJUSTE DE UNIDAD  VARIOS/UNIVERSAL MODELOS VIEJOS 1/4-28X1-1/2 USA,,AJUSTES DE UNIDAD,,183,,,,http://www.qaccesorios.com.mx/Productos/Automotriz/300-0699-12.jpg,,CHEVROLET UNIVERSAL; PARA TODOS LOS AÑOS
300-0699-13,AJUSTE DE UNIDAD DINA VARIOS MODELOS Y UNIVERSAL TORNILLO: 1/4-28X1 USA,,AJUSTES DE UNIDAD,,330,,,,http://www.qaccesorios.com.mx/Productos/Automotriz/300-0699-13.jpg,,INTERNATIONAL DINA PARA TODOS LOS AÑOS; UNIVERSAL; PARA TODOS LOS AÑOS
300-1204-03,AJUSTE DE UNIDAD  COUGAR/GRAND MARQUIS/WINDSTAR 89 TORNILLO: M6X66.5mm USA,,AJUSTES DE UNIDAD,,585,,,,http://www.qaccesorios.com.mx/Productos/Automotriz/300-1204-03.jpg,,FORD COUGAR 1989-1989; FORD GRAND MARQUIS 1989-1989; FORD WINDSTAR 1989-1989
300-1230-06,AJUSTE DE UNIDAD  RANGER 93-97/MZ 94-97 USA 5PZ,,AJUSTES DE UNIDAD,,487,,,,http://www.qaccesorios.com.mx/Productos/Automotriz/300-1230-06.jpg,,FORD RANGER 1993-1997; MAZDA UNIVERSAL 1994-1997
300-1230-09,AJUSTE DE UNIDAD  RANGER 93-97/MZ 94-97 VERTICAL TORNILLO M6X65mmUSA,,AJUSTES DE UNIDAD,,509,,,,http://www.qaccesorios.com.mx/Productos/Automotriz/300-1230-09.jpg,,FORD RANGER 1993-1997; MAZDA UNIVERSAL 1994-1997
300-1230-10,AJUSTE DE UNIDAD  RANGER/EXPLORER 89-92 VERTICAL TORNILLO: M6X60mm USA,,AJUSTES DE UNIDAD,,389,,,,http://www.qaccesorios.com.mx/Productos/Automotriz/300-1230-10.jpg,,FORD RANGER 1989-1992; FORD EXPLORER 1989-1992
300-1230-11,AJUSTE DE UNIDAD HORIZONTAL  RANGER/EXPLORER 89-92 TORNILLO: M6 X 50mmUSA,,AJUSTES DE UNIDAD,,424,,,,http://www.qaccesorios.com.mx/Productos/Automotriz/300-1230-11.jpg,,FORD RANGER 1989-1992; FORD EXPLORER 1989-1992
300-1230-12,AJUSTE DE UNIDAD  RANGER/EXPLORER 89-92 VERTICAL TORNILLO: M6X42mm USA,,AJUSTES DE UNIDAD,,366,,,,http://www.qaccesorios.com.mx/Productos/Automotriz/300-1230-12.jpg,,FORD RANGER 1989-1992; FORD EXPLORER 1989-1992
300-1234-02,AJUSTE DE UNIDAD  TOPAZ 92/THUNDERBIRD/CROWN VICTORIA/TAURUS TORNILLO M6 X 66.5MMUSA,,AJUSTES DE UNIDAD,,505,,,,http://www.qaccesorios.com.mx/Productos/Automotriz/300-1234-02.jpg,,FORD TOPAZ 1992-1992; FORD THUNDERBIRD PARA TODOS LOS AÑOS; FORD CROWN VICTORIA PARA TODOS LOS AÑOS; FORD TAURUS PARA TODOS LOS AÑOS
300-1234-03,AJUSTE DE UNIDAD  TOPAZ 91/THUNDERBIRD/CROWN VICTORIA/TAURS TORNILLO M6 X 71.5MMUSA,,AJUSTES DE UNIDAD,,522,,,,http://www.qaccesorios.com.mx/Productos/Automotriz/300-1234-03.jpg,,FORD TOPAZ 1992-1992; FORD THUNDERBIRD PARA TODOS LOS AÑOS; FORD CROWN VICTORIA PARA TODOS LOS AÑOS; FORD TAURUS PARA TODOS LOS AÑOS
300-1235-03,AJUSTE DE UNIDAD  TOPAZ 88-91 Y VARIOS MODELOS TORNILLO: M6X75mm,,AJUSTES DE UNIDAD,,183,,,,http://www.qaccesorios.com.mx/Productos/Automotriz/300-1235-03.jpg,,FORD TOPAZ 1988-1991
300-1241-03,AJUSTE DE UNIDAD  AUTOS/PU 73 TORNILLO: 1/4-28 X 2 USA,,AJUSTES DE UNIDAD,,237,,,,http://www.qaccesorios.com.mx/Productos/Automotriz/300-1241-03.jpg,,FORD UNIVERSAL; PARA TODOS LOS AÑOS
300-1243-01,AJUSTE DE UNIDAD  PU 79 TORNILLO: 12-28X1-3/4 USA,,AJUSTES DE UNIDAD,,321,,,,http://www.qaccesorios.com.mx/Productos/Automotriz/300-1243-01.jpg,,FORD PICK UP 1979-1979
300-1605-00,AJUSTE DE UNIDAD  GRAND CHEROKEE 93-98 PIVOT 1PZ ORIGINAL NAC,,AJUSTES DE UNIDAD,,833,,,,http://www.qaccesorios.com.mx/Productos/Automotriz/300-1605-00.jpg,,JEEP GRAND CHEROKEE 1993-1998
300-1605-01,AJUSTE DE UNIDAD  GRAND CHEROKEE 93-96 VERTICAL 1PZ ORIGINAL NAC,,AJUSTES DE UNIDAD,,628,,,,http://www.qaccesorios.com.mx/Productos/Automotriz/300-1605-01.jpg,,JEEP GRAND CHEROKEE 1993-1996
300-2399-02,AJUSTE DE UNIDAD  PICK UP VARIOS MODELOS TORNILLO: M5X35MM USA,,AJUSTES DE UNIDAD,,241,,,,http://www.qaccesorios.com.mx/Productos/Automotriz/300-2399-02.jpg,,NISSAN PICK UP PARA TODOS LOS AÑOS
300-3010-03,AJUSTE DE UNIDAD  PICK UP 84 EN ADELANTE TORNILLO: M5X35MM USA,,AJUSTES DE UNIDAD,,397,,,,http://www.qaccesorios.com.mx/Productos/Automotriz/300-3010-03.jpg,,TOYOTA PICK UP 1984-1984
300-3199-02,AJUSTE DE UNIDAD  AMC/RENAULT TORNILLO: 1/4-28X2-1/4 USA,,AJUSTES DE UNIDAD,,415,,,,http://www.qaccesorios.com.mx/Productos/Automotriz/300-3199-02.jpg,,VOLKSWAGEN UNIVERSAL; PARA TODOS LOS AÑOS; RENAULT UNIVERSAL; PARA TODOS LOS AÑOS
300-9999-04,AJUSTE DE UNIDAD  Y UNIVERSAL # 2 TORNILLO 1/4-28X1-3/8 USA,,AJUSTES DE UNIDAD,,519,,,,http://www.qaccesorios.com.mx/Productos/Automotriz/300-9999-04.jpg,,VOLKSWAGEN UNIVERSAL; PARA TODOS LOS AÑOS
300-9999-05,AJUSTE DE UNIDAD  Y UNIVERSAL # 3 TORNILLO 1/4-28X1-3/8 USA,,AJUSTES DE UNIDAD,,491,,,,http://www.qaccesorios.com.mx/Productos/Automotriz/300-9999-05.jpg,,VOLKSWAGEN UNIVERSAL; PARA TODOS LOS AÑOS
008-0663-00,ALERON FASCIA TRASERO  TRAVERSE 09-12 P/PINTAR DER,,ALERONES TRASEROS,,2217,,,,http://www.qaccesorios.com.mx/Productos/Automotriz/008-0663-00.jpg,,CHEVROLET TRAVERSE 2009-2012
008-0663-01,ALERON FASCIA TRASERO  TRAVERSE 09-12 P/PINTAR IZQ,,ALERONES TRASEROS,,2217,,,,http://www.qaccesorios.com.mx/Productos/Automotriz/008-0663-01.jpg,,CHEVROLET TRAVERSE 2009-2012
008-1209-00,ALERON FASCIA TRASERO  ESCAPE 13-15 DER,,ALERONES TRASEROS,,3115,,,,http://www.qaccesorios.com.mx/Productos/Automotriz/008-1209-00.jpg,,FORD ESCAPE 2013-2015
008-1209-01,ALERON FASCIA TRASERO  ESCAPE 13-15 IZQ,,ALERONES TRASEROS,,3115,,,,http://www.qaccesorios.com.mx/Productos/Automotriz/008-1209-01.jpg,,FORD ESCAPE 2013-2015
008-2006-02,ALERON FASCIA TRASERO  SPRINTER 03-06 DER,,ALERONES TRASEROS,,446,,,,http://www.qaccesorios.com.mx/Productos/Automotriz/008-2006-02.jpg,,MERCEDES BENZ SPRINTER 2003-2006
008-2006-03,ALERON FASCIA TRASERO  SPRINTER 03-06 IZQ,,ALERONES TRASEROS,,446,,,,http://www.qaccesorios.com.mx/Productos/Automotriz/008-2006-03.jpg,,MERCEDES BENZ SPRINTER 2003-2006
008-1313-00,ALERON TRASERO  HR-V 16-17 P/PINTAR DER,,ALERONES TRASEROS,,3758,,,,http://www.qaccesorios.com.mx/Productos/Automotriz/008-1313-00.jpg,,HONDA HR-V 2016-2017
008-1313-01,ALERON TRASERO  HR-V 16-17 P/PINTAR IZQ,,ALERONES TRASEROS,,3758,,,,http://www.qaccesorios.com.mx/Productos/Automotriz/008-1313-01.jpg,,HONDA HR-V 2016-2017
008-2208-00,ALERON FASCIA TRASERO  OUTLANDER 10-13 P/PINTAR DER,,ALERONES TRASEROS,,2983,,,,http://www.qaccesorios.com.mx/Productos/Automotriz/008-2208-00.jpg,,MITSUBISHI OUTLANDER 2010-2013
008-2208-01,ALERON FASCIA TRASERO  OUTLANDER 10-13 P/PINTAR IZQ,,ALERONES TRASEROS,,2983,,,,http://www.qaccesorios.com.mx/Productos/Automotriz/008-2208-01.jpg,,MITSUBISHI OUTLANDER 2010-2013
008-2208-02,ALERON FASCIA TRASERO  OUTLANDER 07-09 P/PINTAR DER,,ALERONES TRASEROS,,1738,,,,http://www.qaccesorios.com.mx/Productos/Automotriz/008-2208-02.jpg,,MITSUBISHI OUTLANDER 2007-2009
008-2208-03,ALERON FASCIA TRASERO  OUTLANDER 07-09 P/PINTAR IZQ,,ALERONES TRASEROS,,1738,,,,http://www.qaccesorios.com.mx/Productos/Automotriz/008-2208-03.jpg,,MITSUBISHI OUTLANDER 2007-2009
008-3001-02,ALERON FASCIA TRASERO  4 RUNNER 96-01 CROMADO C/BARRENO DER,,ALERONES TRASEROS,,1828,,,,http://www.qaccesorios.com.mx/Productos/Automotriz/008-3001-02.jpg,,TOYOTA 4 RUNNER 1996-2001
008-3001-03,ALERON FASCIA TRASERO  4 RUNNER 96-01 CROMADO C/BARRENO IZQ,,ALERONES TRASEROS,,1828,,,,http://www.qaccesorios.com.mx/Productos/Automotriz/008-3001-03.jpg,,TOYOTA 4 RUNNER 1996-2001
008-3001-04,ALERON FASCIA TRASERO  4 RUNNER 96-01 CROMADO S/BARRENO DER,,ALERONES TRASEROS,,1828,,,,http://www.qaccesorios.com.mx/Productos/Automotriz/008-3001-04.jpg,,TOYOTA 4 RUNNER 1996-2001
008-3001-05,ALERON FASCIA TRASERO  4 RUNNER 96-01 CROMADO S/BARRENO IZQ,,ALERONES TRASEROS,,1828,,,,http://www.qaccesorios.com.mx/Productos/Automotriz/008-3001-05.jpg,,TOYOTA 4 RUNNER 1996-2001
008-3001-06,ALERON FASCIA TRASERO  4 RUNNER 03-05 CORRUGADA DER,,ALERONES TRASEROS,,2391,,,,http://www.qaccesorios.com.mx/Productos/Automotriz/008-3001-06.jpg,,TOYOTA 4 RUNNER 2003-2005
008-3001-07,ALERON FASCIA TRASERO  4 RUNNER 03-05 CORRUGADA IZQ,,ALERONES TRASEROS,,2391,,,,http://www.qaccesorios.com.mx/Productos/Automotriz/008-3001-07.jpg,,TOYOTA 4 RUNNER 2003-2005
008-3015-02,ALERON TRASERO  TACOMA 16-17 DER,,ALERONES TRASEROS,,2142,,,,http://www.qaccesorios.com.mx/Productos/Automotriz/008-3015-02.jpg,,TOYOTA TACOMA 2016-2017
008-3015-03,ALERON TRASERO  TACOMA 16-17 IZQ,,ALERONES TRASEROS,,2142,,,,http://www.qaccesorios.com.mx/Productos/Automotriz/008-3015-03.jpg,,TOYOTA TACOMA 2016-2017
008-3015-00,ALERON DEFENSA DELANTERO  TACOMA 98-00 CROMADO DER,,ALERONES DELANTEROS,,597,,,,http://www.qaccesorios.com.mx/Productos/Automotriz/008-3015-00.jpg,,TOYOTA TACOMA 1998-2000
008-3015-01,ALERON DEFENSA DELANTERO  TACOMA 98-00 CROMADO IZQ,,ALERONES DELANTEROS,,597,,,,http://www.qaccesorios.com.mx/Productos/Automotriz/008-3015-01.jpg,,TOYOTA TACOMA 1998-2000
008-0602-00,ALERON DEFENSA DELANTERO  ASTRO/SAFARI 85-94 DER,,ALERONES PARA DEFENSAS DELANTERAS,,226,,,,http://www.qaccesorios.com.mx/Productos/Automotriz/008-0602-00.jpg,,CHEVROLET ASTRO 1985-1994; GMC SAFARI 1985-1994
008-0602-01,ALERON DEFENSA DELANTERO  ASTRO/SAFARI 85-94 IZQ,,ALERONES PARA DEFENSAS DELANTERAS,,226,,,,http://www.qaccesorios.com.mx/Productos/Automotriz/008-0602-01.jpg,,CHEVROLET ASTRO 1985-1994; GMC SAFARI 1985-1994
008-0615-08,ALERON DEFENSA DELANTERO  CHEYENNE/SILVERADO 07-13 C/HOYO DER,,ALERONES PARA DEFENSAS DELANTERAS,,423,,,,http://www.qaccesorios.com.mx/Productos/Automotriz/008-0615-08.jpg,,CHEVROLET CHEYENNE 2007-2013; CHEVROLET SILVERADO 2007-2013
008-0615-09,ALERON DEFENSA DELANTERO  CHEYENNE/SILVERADO 07-13 C/HOYO IZQ,,ALERONES PARA DEFENSAS DELANTERAS,,423,,,,http://www.qaccesorios.com.mx/Productos/Automotriz/008-0615-09.jpg,,CHEVROLET CHEYENNE 2007-2013; CHEVROLET SILVERADO 2007-2013
008-0629-00,ALERON DEFENSA DELANTERO  LUV 97-01 NEGRO DER,,ALERONES PARA DEFENSAS DELANTERAS,,343,,,,http://www.qaccesorios.com.mx/Productos/Automotriz/008-0629-00.jpg,,CHEVROLET LUV 1997-2001
008-0629-01,ALERON DEFENSA DELANTERO  LUV 97-01 NEGRO IZQ,,ALERONES PARA DEFENSAS DELANTERAS,,343,,,,http://www.qaccesorios.com.mx/Productos/Automotriz/008-0629-01.jpg,,CHEVROLET LUV 1997-2001
008-0635-00,ALERON DEFENSA DELANTERO  S-10/SONOMA 95-97 DER,,ALERONES PARA DEFENSAS DELANTERAS,,132,,,,http://www.qaccesorios.com.mx/Productos/Automotriz/008-0635-00.jpg,,CHEVROLET S-10 1995-1997; GMC SONOMA 1995-1997
008-0635-01,ALERON DEFENSA DELANTERO  S-10/SONOMA 95-97 IZQ,,ALERONES PARA DEFENSAS DELANTERAS,,132,,,,http://www.qaccesorios.com.mx/Productos/Automotriz/008-0635-01.jpg,,CHEVROLET S-10 1995-1997; GMC SONOMA 1995-1997
008-0635-08,ALERON DEFENSA DELANTERO  S-10 /BLAZER 95-97 C/MOLDURA CROMADA DER,,ALERONES PARA DEFENSAS DELANTERAS,,1104,,,,http://www.qaccesorios.com.mx/Productos/Automotriz/008-0635-08.jpg,,CHEVROLET S-10 1995-1997; CHEVROLET BLAZER 1995-1997
008-0635-09,ALERON DEFENSA DELANTERO  S-10 /BLAZER 95-97 C/MOLDURA CROMADA IZQ,,ALERONES PARA DEFENSAS DELANTERAS,,1104,,,,http://www.qaccesorios.com.mx/Productos/Automotriz/008-0635-09.jpg,,CHEVROLET S-10 1995-1997; CHEVROLET BLAZER 1995-1997
008-0639-00,ALERON DEFENSA DELANTERO  SILVERADO 07-13 S/HOYO CORRUGADA DER,,ALERONES PARA DEFENSAS DELANTERAS,,395,,,,http://www.qaccesorios.com.mx/Productos/Automotriz/008-0639-00.jpg,,CHEVROLET SILVERADO 2007-2013
008-0639-01,ALERON DEFENSA DELANTERO  SILVERADO 07-13 S/HOYO CORRUGADA IZQ,,ALERONES PARA DEFENSAS DELANTERAS,,395,,,,http://www.qaccesorios.com.mx/Productos/Automotriz/008-0639-01.jpg,,CHEVROLET SILVERADO 2007-2013
008-0639-02,ALERON DEFENSA DELANTERO  SILVERADO 2500/3500 07-13 C/HOYO P/FARO CROMADO DER,,ALERONES PARA DEFENSAS DELANTERAS,,2903,,,,http://www.qaccesorios.com.mx/Productos/Automotriz/008-0639-02.jpg,,CHEVROLET SILVERADO 2007-2013
008-0639-03,ALERON DEFENSA DELANTERO  SILVERADO 2500/3500 07-13 C/HOYO P/FARO CROMADO IZQ,,ALERONES PARA DEFENSAS DELANTERAS,,2903,,,,http://www.qaccesorios.com.mx/Productos/Automotriz/008-0639-03.jpg,,CHEVROLET SILVERADO 2007-2013
008-0639-04,ALERON DEFENSA DELANTERO  SILVERADO 2500/3500 07-13 CROMADO DER,,ALERONES PARA DEFENSAS DELANTERAS,,5440,,,,http://www.qaccesorios.com.mx/Productos/Automotriz/008-0639-04.jpg,,CHEVROLET SILVERADO 2007-2013
008-0639-05,ALERON DEFENSA DELANTERO  SILVERADO 2500/3500 07-13 CROMADO IZQ,,ALERONES PARA DEFENSAS DELANTERAS,,5440,,,,http://www.qaccesorios.com.mx/Productos/Automotriz/008-0639-05.jpg,,CHEVROLET SILVERADO 2007-2013
008-0639-06,ALERON DEFENSA DELANTERO  SILVERADO/CHEYENNE 1500 07-13 CROMADA C/HOYO P/FARO DER,,ALERONES PARA DEFENSAS DELANTERAS,,5074,,,,http://www.qaccesorios.com.mx/Productos/Automotriz/008-0639-06.jpg,,CHEVROLET SILVERADO 2007-2013; CHEVROLET CHEYENNE 2007-2013
008-0639-07,ALERON DEFENSA DELANTERO  SILVERADO/CHEYENNE 1500 07-13 CROMADA C/HOYO P/FARO IZQ,,ALERONES PARA DEFENSAS DELANTERAS,,5074,,,,http://www.qaccesorios.com.mx/Productos/Automotriz/008-0639-07.jpg,,CHEVROLET SILVERADO 2007-2013; CHEVROLET CHEYENNE 2007-2013
008-0639-08,ALERON DEFENSA DELANTERO  SILVERADO/CHEYENNE 1500 07-13 CROMADA S/HOYO P/FARO DER,,ALERONES PARA DEFENSAS DELANTERAS,,5873,,,,http://www.qaccesorios.com.mx/Productos/Automotriz/008-0639-08.jpg,,CHEVROLET SILVERADO 2007-2013; CHEVROLET CHEYENNE 2007-2013
008-0639-09,ALERON DEFENSA DELANTERO  SILVERADO/CHEYENNE 1500 07-13 CROMADA S/HOYO P/FARO IZQ,,ALERONES PARA DEFENSAS DELANTERAS,,5873,,,,http://www.qaccesorios.com.mx/Productos/Automotriz/008-0639-09.jpg,,CHEVROLET SILVERADO 2007-2013; CHEVROLET CHEYENNE 2007-2013
008-0643-00,ALERON DEFENSA DELANTERO  SILVERADO 07-13 S/HOYO DER,,ALERONES PARA DEFENSAS DELANTERAS,,423,,,,http://www.qaccesorios.com.mx/Productos/Automotriz/008-0643-00.jpg,,CHEVROLET SILVERADO 2007-2013
008-0643-01,ALERON DEFENSA DELANTERO  SILVERADO 07-13 S/HOYO IZQ,,ALERONES PARA DEFENSAS DELANTERAS,,423,,,,http://www.qaccesorios.com.mx/Productos/Automotriz/008-0643-01.jpg,,CHEVROLET SILVERADO 2007-2013
008-0804-00,ALERON DEFENSA DELANTERO  A-10 81-84 NACIONAL DER,,ALERONES PARA DEFENSAS DELANTERAS,,175,,,,http://www.qaccesorios.com.mx/Productos/Automotriz/008-0804-00.jpg,,DATSUN A-10 1981-1984
008-0804-01,ALERON DEFENSA DELANTERO  A-10 81-84 NACIONAL IZQ,,ALERONES PARA DEFENSAS DELANTERAS,,175,,,,http://www.qaccesorios.com.mx/Productos/Automotriz/008-0804-01.jpg,,DATSUN A-10 1981-1984
008-0916-00,ALERON DEFENSA DELANTERO  RAM 50 87-93/L200 87-96 CROMADO DER,,ALERONES PARA DEFENSAS DELANTERAS,,268,,,,http://www.qaccesorios.com.mx/Productos/Automotriz/008-0916-00.jpg,,DODGE RAM 1987-1993; MITSUBISHI L200 1987-1996
008-0916-01,ALERON DEFENSA DELANTERO  RAM 50 87-93/L200 87-96 CROMADO IZQ,,ALERONES PARA DEFENSAS DELANTERAS,,268,,,,http://www.qaccesorios.com.mx/Productos/Automotriz/008-0916-01.jpg,,DODGE RAM 1987-1993; MITSUBISHI L200 1987-1996
008-1214-00,ALERON DEFENSA DELANTERO  EXPLORER 99-01 CROMADO DER,,ALERONES PARA DEFENSAS DELANTERAS,,592,,,,http://www.qaccesorios.com.mx/Productos/Automotriz/008-1214-00.jpg,,FORD EXPLORER 1999-2001
008-1214-01,ALERON DEFENSA DELANTERO  EXPLORER 99-01 CROMADO IZQ,,ALERONES PARA DEFENSAS DELANTERAS,,592,,,,http://www.qaccesorios.com.mx/Productos/Automotriz/008-1214-01.jpg,,FORD EXPLORER 1999-2001
008-1245-00,ALERON DEFENSA DELANTERO  TRANSIT 07-12 C/HOYO P/FARO DER,,ALERONES PARA DEFENSAS DELANTERAS,,874,,,,http://www.qaccesorios.com.mx/Productos/Automotriz/008-1245-00.jpg,,FORD TRANSIT 2007-2012
008-1245-01,ALERON DEFENSA DELANTERO  TRANSIT 07-12 C/HOYO P/FARO IZQ,,ALERONES PARA DEFENSAS DELANTERAS,,874,,,,http://www.qaccesorios.com.mx/Productos/Automotriz/008-1245-01.jpg,,FORD TRANSIT 2007-2012
008-1245-02,ALERON DEFENSA DELANTERO  TRANSIT 07-12 S/HOYO P/FARO DER,,ALERONES PARA DEFENSAS DELANTERAS,,874,,,,http://www.qaccesorios.com.mx/Productos/Automotriz/008-1245-02.jpg,,FORD TRANSIT 2007-2012
008-1245-03,ALERON DEFENSA DELANTERO  TRANSIT 07-12 S/HOYO P/FARO IZQ,,ALERONES PARA DEFENSAS DELANTERAS,,874,,,,http://www.qaccesorios.com.mx/Productos/Automotriz/008-1245-03.jpg,,FORD TRANSIT 2007-2012
008-1502-00,ALERON DEFENSA DELANTERO  LUV 88-96 CROMADO DER,,ALERONES PARA DEFENSAS DELANTERAS,,187,,,,http://www.qaccesorios.com.mx/Productos/Automotriz/008-1502-00.jpg,,ISUZU LUV 1988-1996
008-1502-01,ALERON DEFENSA DELANTERO  LUV 88-96 CROMADO IZQ,,ALERONES PARA DEFENSAS DELANTERAS,,187,,,,http://www.qaccesorios.com.mx/Productos/Automotriz/008-1502-01.jpg,,ISUZU LUV 1988-1996
008-1601-00,ALERON DEFENSA DELANTERO  CHEROKEE 84-90/COMANCHE 86-92 CORRUGADO DER,,ALERONES PARA DEFENSAS DELANTERAS,,89,,,,http://www.qaccesorios.com.mx/Productos/Automotriz/008-1601-00.jpg,,JEEP CHEROKEE 1984-1990; JEEP COMANCHE 1986-1992
008-1601-01,ALERON DEFENSA DELANTERO  CHEROKEE 84-90/COMANCHE 86-92 CORRUGADO IZQ,,ALERONES PARA DEFENSAS DELANTERAS,,89,,,,http://www.qaccesorios.com.mx/Productos/Automotriz/008-1601-01.jpg,,JEEP CHEROKEE 1984-1990; JEEP COMANCHE 1986-1992
008-1601-08,ALERON DEFENSA DELANTERO  CHEROKEE 97-01 NEGRO DER,,ALERONES PARA DEFENSAS DELANTERAS,,780,,,,http://www.qaccesorios.com.mx/Productos/Automotriz/008-1601-08.jpg,,JEEP CHEROKEE 1997-2001
008-1601-09,ALERON DEFENSA DELANTERO  CHEROKEE 97-01 NEGRO IZQ,,ALERONES PARA DEFENSAS DELANTERAS,,780,,,,http://www.qaccesorios.com.mx/Productos/Automotriz/008-1601-09.jpg,,JEEP CHEROKEE 1997-2001
008-1601-12,ALERON DEFENSA DELANTERO  CHEROKEE 97-01 P/PINTAR DER,,ALERONES PARA DEFENSAS DELANTERAS,,780,,,,http://www.qaccesorios.com.mx/Productos/Automotriz/008-1601-12.jpg,,JEEP CHEROKEE 1997-2001
008-1601-13,ALERON DEFENSA DELANTERO  CHEROKEE 97-01 P/PINTAR IZQ,,ALERONES PARA DEFENSAS DELANTERAS,,780,,,,http://www.qaccesorios.com.mx/Productos/Automotriz/008-1601-13.jpg,,JEEP CHEROKEE 1997-2001
008-1905-00,ALERON DEFENSA DELANTERO  PICK UP 86-93 DER,,ALERONES PARA DEFENSAS DELANTERAS,,183,,,,http://www.qaccesorios.com.mx/Productos/Automotriz/008-1905-00.jpg,,MAZDA PICK UP 1986-1993
008-1905-01,ALERON DEFENSA DELANTERO  PICK UP 86-93 IZQ,,ALERONES PARA DEFENSAS DELANTERAS,,183,,,,http://www.qaccesorios.com.mx/Productos/Automotriz/008-1905-01.jpg,,MAZDA PICK UP 1986-1993
008-2304-00,ALERON DEFENSA DELANTERO  ARMADA 04-07 P/PINTAR DER,,ALERONES PARA DEFENSAS DELANTERAS,,883,,,,http://www.qaccesorios.com.mx/Productos/Automotriz/008-2304-00.jpg,,NISSAN ARMADA 2004-2007
008-2304-01,ALERON DEFENSA DELANTERO  ARMADA 04-07 P/PINTAR IZQ,,ALERONES PARA DEFENSAS DELANTERAS,,883,,,,http://www.qaccesorios.com.mx/Productos/Automotriz/008-2304-01.jpg,,NISSAN ARMADA 2004-2007
008-2305-00,ALERON DEFENSA DELANTERO  D21 86-92/PATHFINDER 87-95 CROMADO AMER DER,,ALERONES PARA DEFENSAS DELANTERAS,,197,,,,http://www.qaccesorios.com.mx/Productos/Automotriz/008-2305-00.jpg,,NISSAN D21 1986-1992; NISSAN PATHFINDER 1987-1995
008-2305-01,ALERON DEFENSA DELANTERO  D21 86-92/PATHFINDER 87-95 CROMADO AMER IZQ/DER,,ALERONES PARA DEFENSAS DELANTERAS,,197,,,,http://www.qaccesorios.com.mx/Productos/Automotriz/008-2305-01.jpg,,NISSAN D21 1986-1992; NISSAN PATHFINDER 1987-1995
008-2305-02,ALERON DEFENSA DELANTERO  D21 86-92/PATHFINDER 87-95 NEGRO AMER DER,,ALERONES PARA DEFENSAS DELANTERAS,,139,,,,http://www.qaccesorios.com.mx/Productos/Automotriz/008-2305-02.jpg,,NISSAN D21 1986-1992; NISSAN PATHFINDER 1987-1995
008-2305-03,ALERON DEFENSA DELANTERO  D21 86-92/PATHFINDER 87-95 NEGRO AMER IZQ/DER,,ALERONES PARA DEFENSAS DELANTERAS,,139,,,,http://www.qaccesorios.com.mx/Productos/Automotriz/008-2305-03.jpg,,NISSAN D21 1986-1992; NISSAN PATHFINDER 1987-1995