"CODIGO","NOMBRE","PRECIO","IMAGEN","CATEGORIA"
"12399","Top Lady","$294.00","https://chemisette-web.s3.amazonaws.com/uploads/color/image/1259/12399_22.jpg","moda\transparencias"
"12393","Bella Top","$294.00","https://chemisette-web.s3.amazonaws.com/uploads/color/image/138/12393_k7.jpg","moda\transparencias"
"12398","Madonna Top","$294.00","https://chemisette-web.s3.amazonaws.com/uploads/color/image/141/12398_e1.jpg","moda\transparencias"
"12400","Madame Top","$294.00","https://chemisette-web.s3.amazonaws.com/uploads/color/image/149/12400_34.jpg","moda\transparencias"
"12401","Glamour Top","$294.00","https://chemisette-web.s3.amazonaws.com/uploads/color/image/152/12401_8k.jpg","moda\transparencias"
"12392","Leyla Top","$294.00","https://chemisette-web.s3.amazonaws.com/uploads/color/image/133/12392.jpg","moda\transparencias"
"LP5033","Protector de Talones","$59.40","https://chemisette-web.s3.amazonaws.com/uploads/color/image/371/LP5033_01.jpg","intima\cuidado-de-pies"
"LP5034","Beautiful Feet","$53.40","https://chemisette-web.s3.amazonaws.com/uploads/color/image/293/P_LP5034_93.jpg","intima\cuidado-de-pies"
"LP5038","Cover 5 Dedos","$160.30","https://chemisette-web.s3.amazonaws.com/uploads/color/image/297/LP5038_93_2.jpg","intima\cuidado-de-pies"
"LP5043","Protector con Gel Suavizante","$174.30","https://chemisette-web.s3.amazonaws.com/uploads/color/image/298/LP5043_04.jpg","intima\cuidado-de-pies"
"LP5044","Pasos Suaves Tactel","$125.30","https://chemisette-web.s3.amazonaws.com/uploads/color/image/302/LP5044_33.jpg","intima\cuidado-de-pies"
"LP5045","Pasos Suaves Algodón","$125.30","https://chemisette-web.s3.amazonaws.com/uploads/color/image/304/LP5045_36_2.jpg","intima\cuidado-de-pies"
"LP5035","Guante Anti-juanetes","$266.00","https://chemisette-web.s3.amazonaws.com/uploads/color/image/295/LP5035_93_2.jpg","intima\cuidado-de-pies"
"LT1010","Serúm Regenerative","$413.00","https://chemisette-web.s3.amazonaws.com/uploads/color/image/477/LT1010_01.jpg","cuidado-de-la-piel\crema-d-luz"
"P0883","Purifiqué Cepillo Eléctrico y Dermolimpiador","$413.00","https://chemisette-web.s3.amazonaws.com/uploads/color/image/501/P0883_01.jpg","cuidado-de-la-piel\crema-d-luz"
"LT1011","Contour D' Ojos","$258.30","https://chemisette-web.s3.amazonaws.com/uploads/color/image/479/LT1011_01.jpg","cuidado-de-la-piel\crema-d-luz"
"LT1012","Crème D' Luz","$364.00","https://chemisette-web.s3.amazonaws.com/uploads/color/image/481/LT1012_01.jpg","cuidado-de-la-piel\crema-d-luz"
"LT1013","Crème D' Noche","$350.00","https://chemisette-web.s3.amazonaws.com/uploads/color/image/483/LT1013_01.jpg","cuidado-de-la-piel\crema-d-luz"
"LT1016","Suero D' Minerales","$336.00","https://chemisette-web.s3.amazonaws.com/uploads/color/image/486/LT1016_02.jpg","cuidado-de-la-piel\crema-d-luz"
"LT1017","Programa completo D'luz Renovación Celular (5 Productos)","$1,547.00","https://chemisette-web.s3.amazonaws.com/uploads/color/image/1060/LT1017.jpg","cuidado-de-la-piel\crema-d-luz"
"12260","Top Modeling","$328.30","https://chemisette-web.s3.amazonaws.com/uploads/color/image/1470/12260.jpg","modelante\fajas"
"8300","Faja Lipo-Termo Activa","$973.00","https://chemisette-web.s3.amazonaws.com/uploads/color/image/1040/8300oi17_1.jpg","modelante\fajas"
"0415","Faja Lifting Reductora","$262.50","https://chemisette-web.s3.amazonaws.com/uploads/color/image/538/0415_93_1.jpg","modelante\fajas"
"12262","Busto libre Faja modelante","$399.00","https://chemisette-web.s3.amazonaws.com/uploads/color/image/647/12262_93_3.jpg","modelante\fajas"
"0436","Corset Body Modelante Cerrado","$330.00","https://chemisette-web.s3.amazonaws.com/uploads/color/image/44/P_1435_93_3.jpg","modelante\fajas"
"11348","Anti-celulitis Emana Bermuda","$371.00","https://chemisette-web.s3.amazonaws.com/uploads/color/image/97/11348_93_3.jpg","modelante\fajas"
"1435","Corset Body Modelante","$468.30","https://chemisette-web.s3.amazonaws.com/uploads/color/image/564/1435_93_5.jpg","modelante\fajas"
"1472","Body Modelante","$349.30","https://chemisette-web.s3.amazonaws.com/uploads/color/image/173/1472_93_3.jpg","modelante\fajas"
"6418","Cinturella Pantyblusa","$559.30","https://chemisette-web.s3.amazonaws.com/uploads/color/image/573/6418_93.jpg","modelante\fajas"
"6420","Silueta Light Pantyblusa","$545.30","https://chemisette-web.s3.amazonaws.com/uploads/color/image/583/6420_80.jpg","modelante\fajas"
"6425","Faja Imperio Modelante","$364.00","https://chemisette-web.s3.amazonaws.com/uploads/color/image/694/6425_93_4.jpg","modelante\fajas"
"6426","Silueta Encaje corte Tanga","$385.00","https://chemisette-web.s3.amazonaws.com/uploads/color/image/261/6426_69.jpg","modelante\fajas"
"6427","Silueta Encaje corte Completo","$385.00","https://chemisette-web.s3.amazonaws.com/uploads/color/image/263/6427_69_5.jpg","modelante\fajas"
"6430","TOP MÍA REDUCTORA","$489.30","https://chemisette-web.s3.amazonaws.com/uploads/color/image/603/6430_80_2.jpg","modelante\fajas"
"6432","Bra Control","$378.00","https://chemisette-web.s3.amazonaws.com/uploads/color/image/635/6432_80.jpg","modelante\fajas"
"6433","Top Mia Reductora Elegance","$489.30","https://chemisette-web.s3.amazonaws.com/uploads/color/image/727/6433_oi17_3.jpg","modelante\fajas"
"7800","Fondo Compresión","$378.00","https://chemisette-web.s3.amazonaws.com/uploads/color/image/750/7800_93_1.jpg","modelante\fajas"
"8100","Faja para Brazos y Espalda Alta Tonificante","$552.30","https://chemisette-web.s3.amazonaws.com/uploads/color/image/283/8100_93_3.jpg","modelante\fajas"
"8200","Faja Chaleco Powernet Reductor","$595.00","https://chemisette-web.s3.amazonaws.com/uploads/color/image/744/8200_90.jpg","modelante\fajas"
"9001","Cinturilla Ideal 60","$251.30","https://chemisette-web.s3.amazonaws.com/uploads/color/image/771/9001_93_1.jpg","modelante\fajas"
"9003","Curvas Perfectas","$251.30","https://chemisette-web.s3.amazonaws.com/uploads/color/image/685/9003_93_1.jpg","modelante\fajas"
"F8809","Lipo Reductora","$1,253.00","https://chemisette-web.s3.amazonaws.com/uploads/color/image/589/F8809_93_1.jpg","modelante\fajas"
"2719","Fluffies","$77.00","https://chemisette-web.s3.amazonaws.com/uploads/color/image/531/2719_F13.jpg","intima\fluffies"
"2721","Pantufla Tin","$77.00","https://chemisette-web.s3.amazonaws.com/uploads/color/image/1474/2721_f17.jpg","intima\fluffies"
"0432","Capri Microfibra Térmica","$195.30","https://chemisette-web.s3.amazonaws.com/uploads/color/image/38/0432_oi17.jpg","termico\capris-y-leggings"
"0416","Hivernal Pantimedia","$167.30","https://chemisette-web.s3.amazonaws.com/uploads/color/image/17/0416_oi17_3.jpg","termico\capris-y-leggings"
"0433","Leggings","$77.40","https://chemisette-web.s3.amazonaws.com/uploads/color/image/43/0433_72.jpg","termico\capris-y-leggings"
"0471","Capri Microfibra Térmica Niños","$181.30","https://chemisette-web.s3.amazonaws.com/uploads/color/image/68/0471_02_2.jpg","termico\capris-y-leggings"
"0472","Malla Lisa","$181.30","https://chemisette-web.s3.amazonaws.com/uploads/color/image/75/0472_oi17.jpg","termico\capris-y-leggings"
"14357","Sweet Leggings","$119.40","https://chemisette-web.s3.amazonaws.com/uploads/color/image/652/14357_80.jpg","termico\capris-y-leggings"
"14358","Flower Pink Leggings","$181.30","https://chemisette-web.s3.amazonaws.com/uploads/color/image/682/14358_104.jpg","termico\capris-y-leggings"
"16518","Madrid Top","$314.30","https://chemisette-web.s3.amazonaws.com/uploads/color/image/194/16518.jpg","moda\otras-colecciones"
"16495","Gardenia Top","$270.00","https://chemisette-web.s3.amazonaws.com/uploads/color/image/185/16495_800.jpg","moda\otras-colecciones"
"12414","Lady Top","$246.00","https://chemisette-web.s3.amazonaws.com/uploads/color/image/155/12414_K80.jpg","moda\otras-colecciones"
"16477","Top Adda","$210.00","https://chemisette-web.s3.amazonaws.com/uploads/color/image/1101/16477.jpg","moda\otras-colecciones"
"LT1030","Óleo Desmaquillante Facial","$174.30","https://chemisette-web.s3.amazonaws.com/uploads/color/image/1056/LT1030_DesmaquillanteOleo.jpg","cuidado-de-la-piel\cuidado-personal"
"LT1031","Tónico Facial","$139.30","https://chemisette-web.s3.amazonaws.com/uploads/color/image/1055/LT1031_T_NICOFACIAL.jpg","cuidado-de-la-piel\cuidado-personal"
"LP6002","Avena y Cacao Spa Suavizante","$90.00","https://chemisette-web.s3.amazonaws.com/uploads/color/image/375/LP6002_01.jpg","cuidado-de-la-piel\cuidado-personal"
"0891","Película Osmótica Yodada mediana para Brazos y Piernas","$136.50","https://chemisette-web.s3.amazonaws.com/uploads/color/image/312/0891_01.jpg","cuidado-de-la-piel\cuidado-personal"
"LPB70","¡NUEVO AROMA A COCO! Bloquedor Solar Corporal SPF 70","$174.30","https://chemisette-web.s3.amazonaws.com/uploads/color/image/420/nuevoaromacoco.jpg","cuidado-de-la-piel\cuidado-personal"
"LPB60","Bloqueador Solar Facial SPF 70","$139.30","https://chemisette-web.s3.amazonaws.com/uploads/color/image/418/LPB60.jpg","cuidado-de-la-piel\cuidado-personal"
"LP6010","Color de Bronce Maquillaje para Piernas","$111.30","https://chemisette-web.s3.amazonaws.com/uploads/color/image/391/P_LP6010_01.jpg","cuidado-de-la-piel\cuidado-personal"
"LP5014","Pedicure Express Spray removedor de callos","$97.30","https://chemisette-web.s3.amazonaws.com/uploads/color/image/364/LP5014_1.jpg","cuidado-de-la-piel\cuidado-personal"
"P0827","SOY Sistema Osmótico Yodado con Faja para Cintura y Abdomen","$538.30","https://chemisette-web.s3.amazonaws.com/uploads/color/image/1304/PO827_2.jpg","cuidado-de-la-piel\cuidado-personal"
"R200","Gel Lifting Thermo-Activador","$136.50","https://chemisette-web.s3.amazonaws.com/uploads/color/image/504/R200.jpg","cuidado-de-la-piel\cuidado-personal"
"LS4019","Essential Olbas","$384.30","https://chemisette-web.s3.amazonaws.com/uploads/color/image/852/LS4019_1.jpg","aromaterapia\aceites-esenciales"
"LB1000","Aceite Esencial de Eucalipto","$209.30","https://chemisette-web.s3.amazonaws.com/uploads/color/image/1237/LB1000.jpg","aromaterapia\aceites-esenciales"
"LB1001","Aceite Esencial de Lavanda","$279.30","https://chemisette-web.s3.amazonaws.com/uploads/color/image/1238/LB1001.jpg","aromaterapia\aceites-esenciales"
"LB1002","Aceite Esencial de Manzanilla","$300.30","https://chemisette-web.s3.amazonaws.com/uploads/color/image/1239/LB1002.jpg","aromaterapia\aceites-esenciales"
"LB1003","Aceite Esencial de Tea Tree","$251.30","https://chemisette-web.s3.amazonaws.com/uploads/color/image/1240/LB1003.jpg","aromaterapia\aceites-esenciales"
"LB1004","Aceite Base Semilla de Uva","$168.00","https://chemisette-web.s3.amazonaws.com/uploads/color/image/1241/LB1004.jpg","aromaterapia\aceites-esenciales"
"LB1005","Aceite Esencial de Geranio","$328.30","https://chemisette-web.s3.amazonaws.com/uploads/color/image/1242/LB1005.jpg","aromaterapia\aceites-esenciales"
"LB1006","Aceite Esencial de Menta","$237.30","https://chemisette-web.s3.amazonaws.com/uploads/color/image/1243/lb1006.jpg","aromaterapia\aceites-esenciales"
"LB1007","Aceite Esencial de Naranja","$161.00","https://chemisette-web.s3.amazonaws.com/uploads/color/image/1244/LB1007.jpg","aromaterapia\aceites-esenciales"
"LB1008","Aceite Esencial de Tomillo","$314.30","https://chemisette-web.s3.amazonaws.com/uploads/color/image/1245/LB1008.jpg","aromaterapia\aceites-esenciales"
"LB1009","Aceite Esencial de Incienso","$328.30","https://chemisette-web.s3.amazonaws.com/uploads/color/image/1246/LB1009.jpg","aromaterapia\aceites-esenciales"
"LB1010","Aceite Esencial de Orégano","$265.30","https://chemisette-web.s3.amazonaws.com/uploads/color/image/1247/lb1010.jpg","aromaterapia\aceites-esenciales"
"LB1011","Aceite Esencial de Patchouli","$279.30","https://chemisette-web.s3.amazonaws.com/uploads/color/image/1248/BL1011.jpg","aromaterapia\aceites-esenciales"
"LB1014","Aceite Esencial de Toronja","$230.30","https://chemisette-web.s3.amazonaws.com/uploads/color/image/1249/LB1014.jpg","aromaterapia\aceites-esenciales"
"0453","Chemisette Microfibra Térmica Manga Corta Niñas","$188.30","https://chemisette-web.s3.amazonaws.com/uploads/color/image/47/0453_101.jpg","termico\termicos-nino"
"0466","Chemisette Microfibra Térmica Manga Larga Niños","$188.30","https://chemisette-web.s3.amazonaws.com/uploads/color/image/63/0466_80_2.jpg","termico\termicos-nino"
"0454","Chemisette Microfibra Térmica Manga Larga Niñas","$188.30","https://chemisette-web.s3.amazonaws.com/uploads/color/image/52/0454_80.jpg","termico\termicos-nino"
"0467","Chemisette Microfibra Térmica Manga Corta Niños","$188.30","https://chemisette-web.s3.amazonaws.com/uploads/color/image/66/0467_80_2.jpg","termico\termicos-nino"
"PSEP1701","Eucalipto a precio especial comprando incienso y tea tree","$669.60","https://chemisette-web.s3.amazonaws.com/uploads/color/image/1481/58eucalipto.jpg","paquetes\productos-individuales"
"PSEP1702","Naranja a precio especial comprando orégano y geranio","$638.60","https://chemisette-web.s3.amazonaws.com/uploads/color/image/1480/70naranja.jpg","paquetes\productos-individuales"
"PSEP1703","Menta a precio especial comprando Manzanilla y Lavanda","$689.60","https://chemisette-web.s3.amazonaws.com/uploads/color/image/1479/52menta.jpg","paquetes\productos-individuales"
"PX1701","Tanga encaje algodón coquet (Pack con 2)","$202.30","https://chemisette-web.s3.amazonaws.com/uploads/color/image/1407/PV1706_75.jpg","paquetes\productos-individuales"
"PX1704","Set de romero (Shampoo gel y crema)","$364.00","https://chemisette-web.s3.amazonaws.com/uploads/color/image/1408/PX1704.jpg","paquetes\productos-individuales"
"PX1706","Bloqueador corporal con Nuevo aroma a coco más bloqueador facial","$279.30","https://chemisette-web.s3.amazonaws.com/uploads/color/image/1410/PAQUETE_COCO.jpg","paquetes\productos-individuales"
"PX1707","Set de argán (shampoo tratamiento y elixir) más re vívelo al 50 por ciento","$534.10","https://chemisette-web.s3.amazonaws.com/uploads/color/image/1411/PX1707.jpg","paquetes\productos-individuales"
"PX1708","Tónico facial más Desmaquillante óleo DE REGALO 20 Pétalos de algodón","$279.30","https://chemisette-web.s3.amazonaws.com/uploads/color/image/1412/px1708.jpg","paquetes\productos-individuales"
"PX1710","Almohadilla con encaje (2 pares)","$126.00","https://chemisette-web.s3.amazonaws.com/uploads/color/image/1413/px1710.jpg","paquetes\productos-individuales"
"PX1711","Faja firmeza abdominal (Pack con 2)","$476.00","https://chemisette-web.s3.amazonaws.com/uploads/color/image/1414/px1711.jpg","paquetes\productos-individuales"
"PX1712","Calcetín de cobre (2 Pares)","$546.00","https://chemisette-web.s3.amazonaws.com/uploads/color/image/1415/px1712.jpg","paquetes\productos-individuales"
"PX1713","Set de Afeitado (Shaving cream broca y aftershave)","$399.00","https://chemisette-web.s3.amazonaws.com/uploads/color/image/1416/px1713.jpg","paquetes\productos-individuales"
"PX1714","Body modelante (Pack con 2)","$642.60","https://chemisette-web.s3.amazonaws.com/uploads/color/image/1417/PX1714.jpg","paquetes\productos-individuales"
"PX1715","Faja Lifting reductora (Pack con 2)","$488.60","https://chemisette-web.s3.amazonaws.com/uploads/color/image/1418/PX1715.jpg","paquetes\productos-individuales"
"PX1716","Top Mia Reductora (Pack con 2)","$929.60","https://chemisette-web.s3.amazonaws.com/uploads/color/image/1419/PX1716.jpg","paquetes\productos-individuales"
"PX1717","Top Mia reductora elegance (Pack con 2)","$929.60","https://chemisette-web.s3.amazonaws.com/uploads/color/image/1420/PX1717.jpg","paquetes\productos-individuales"
"PX1718","Curvas perfectas (Pack con 2)","$476.00","https://chemisette-web.s3.amazonaws.com/uploads/color/image/1421/PX1718.jpg","paquetes\productos-individuales"
"PX1719","Cinturilla Ideal 60 (Pack con 2)","$476.00","https://chemisette-web.s3.amazonaws.com/uploads/color/image/1422/PX1719.jpg","paquetes\productos-individuales"
"PX1720","Almohadilla acolchonada con encaje (Pack con 2)","$237.30","https://chemisette-web.s3.amazonaws.com/uploads/color/image/1423/PX17120.jpg","paquetes\productos-individuales"
"3040","Juliana Top","$329.40","https://chemisette-web.s3.amazonaws.com/uploads/color/image/1424/3040.jpg","paquetes\productos-individuales"
"3041","Flavia Top","$377.40","https://chemisette-web.s3.amazonaws.com/uploads/color/image/1428/3041_143.jpg","paquetes\productos-individuales"
"3035","Amalia Top","$329.40","https://chemisette-web.s3.amazonaws.com/uploads/color/image/1431/3035.jpg","paquetes\productos-individuales"
"3037","Bruna Top","$329.40","https://chemisette-web.s3.amazonaws.com/uploads/color/image/1432/3037_1.jpg","paquetes\productos-individuales"
"3039","Priscila Top","$287.40","https://chemisette-web.s3.amazonaws.com/uploads/color/image/1435/3039.jpg","paquetes\productos-individuales"
"3038","Polina Top","$377.40","https://chemisette-web.s3.amazonaws.com/uploads/color/image/1437/3038.jpg","paquetes\productos-individuales"
"PX324","Básica de tirantes por sólo $30","$30.00","https://chemisette-web.s3.amazonaws.com/uploads/color/image/1439/PX324.jpg","paquetes\productos-individuales"
"PX325","Chemisette colors por sólo $50","$50.00","https://chemisette-web.s3.amazonaws.com/uploads/color/image/1440/PX325.jpg","paquetes\productos-individuales"
"PX326","Chemisette manga corta por sólo $50","$50.00","https://chemisette-web.s3.amazonaws.com/uploads/color/image/1441/PX326.jpg","paquetes\productos-individuales"
"PX327","Chemisette sin manga Hombre por sólo $50","$50.00","https://chemisette-web.s3.amazonaws.com/uploads/color/image/1442/PX327.jpg","paquetes\productos-individuales"
"PX328","Camiseta térmica de niña manga corta por sólo $50","$50.00","https://chemisette-web.s3.amazonaws.com/uploads/color/image/1443/PX328.jpg","paquetes\productos-individuales"
"PX329","Camiseta térmica de niño manga corta por sólo $50","$50.00","https://chemisette-web.s3.amazonaws.com/uploads/color/image/1444/PX329.jpg","paquetes\productos-individuales"
"R1993","Coordinado para dormir luna encaje más desmaquillante facial","$348.00","https://chemisette-web.s3.amazonaws.com/uploads/color/image/1445/1993_106.jpg","paquetes\productos-individuales"
"R1996","Coordinado para dormir Alma más desmaquillante facial","$348.00","https://chemisette-web.s3.amazonaws.com/uploads/color/image/1446/1996_02.jpg","paquetes\productos-individuales"
"R1997","Coordinado para dormir luz más desmaquillante facial","$348.00","https://chemisette-web.s3.amazonaws.com/uploads/color/image/1447/1997_15.jpg","paquetes\productos-individuales"
"R1998","Coordinado para dormir zen más desmaquillante facial","$348.00","https://chemisette-web.s3.amazonaws.com/uploads/color/image/1448/1998_42.jpg","paquetes\productos-individuales"
"04232191","Chemisette térmica Colors Color Oro","$202.30","https://chemisette-web.s3.amazonaws.com/uploads/color/image/1449/0423_ORO.jpg","paquetes\productos-individuales"
"0467493","Chemisette térmica infantil color piel","$188.30","https://chemisette-web.s3.amazonaws.com/uploads/color/image/1450/0467.jpg","paquetes\productos-individuales"
"LP6013-1","Body Mist Citrus 200ml","$104.30","https://chemisette-web.s3.amazonaws.com/uploads/color/image/1451/lp6013_3.jpg","paquetes\productos-individuales"
"LP6013-2","Concentrado Citrus 60ml","$104.30","https://chemisette-web.s3.amazonaws.com/uploads/color/image/1452/LP6013_2.jpg","paquetes\productos-individuales"
"LP6013-3","Crema citrus 35 ml","$104.30","https://chemisette-web.s3.amazonaws.com/uploads/color/image/1453/LP6013_1.jpg","paquetes\productos-individuales"
"LP6014-1","Body Mist Lavanda 200 ml","$104.30","https://chemisette-web.s3.amazonaws.com/uploads/color/image/1454/LP6014_1.jpg","paquetes\productos-individuales"
"LP6014-2","Concentrado Lavanda 60ml","$104.30","https://chemisette-web.s3.amazonaws.com/uploads/color/image/1455/LP6014_2.jpg","paquetes\productos-individuales"
"LP6014-3","Crema Lavanda 35ml","$104.30","https://chemisette-web.s3.amazonaws.com/uploads/color/image/1456/LP6014.jpg","paquetes\productos-individuales"
"LP6015-1","Body mist Ylang Ylang 200ml","$104.30","https://chemisette-web.s3.amazonaws.com/uploads/color/image/1457/LP6015_3.jpg","paquetes\productos-individuales"
"LP6015-2","Concentrado Ylang Ylang 60 ml","$104.30","https://chemisette-web.s3.amazonaws.com/uploads/color/image/1459/LP6015_2.jpg","paquetes\productos-individuales"
"LP6015-3","Crema Ylang Ylang 35ml","$104.30","https://chemisette-web.s3.amazonaws.com/uploads/color/image/1458/LP6015_1.jpg","paquetes\productos-individuales"
"12260","Top Modeling","$328.30","https://chemisette-web.s3.amazonaws.com/uploads/color/image/1470/12260.jpg","paquetes\productos-individuales"
"5482","Tanga Coquet Encaje","$101.50","https://chemisette-web.s3.amazonaws.com/uploads/color/image/980/PV1706_75.jpg","paquetes\productos-individuales"
"6004","Bikini Algodón a la cadera","$90.30","https://chemisette-web.s3.amazonaws.com/uploads/color/image/988/L7.jpg","paquetes\productos-individuales"
"LP5050","Almohadilla con Encaje","$70.00","https://chemisette-web.s3.amazonaws.com/uploads/color/image/1005/LP5050_93.jpg","paquetes\productos-individuales"
"5688","Boxer Algodón","$150.50","https://chemisette-web.s3.amazonaws.com/uploads/color/image/234/5688_L5_2.jpg","paquetes\productos-individuales"
"0976","Cotton Pads (20 piezas)","$30.00","https://chemisette-web.s3.amazonaws.com/uploads/color/image/1150/0976.jpg","paquetes\productos-individuales"
"LS5017","Programa Quantum","$349.30","https://chemisette-web.s3.amazonaws.com/uploads/color/image/1024/deregan_pqiopmp.jpg","paquetes\productos-individuales"
"LS5024","Programa Quantum con Quinoa y Arándano","$329.00","https://chemisette-web.s3.amazonaws.com/uploads/color/image/1033/LS5022_11.jpg","paquetes\productos-individuales"
"0885","Vaso shaker 600 ml","$130.00","https://chemisette-web.s3.amazonaws.com/uploads/color/image/1136/PV1720.jpg","paquetes\productos-individuales"
"0877","Tarjetas línea D'luz","$8.00","https://chemisette-web.s3.amazonaws.com/uploads/color/image/1139/TarjetasDluz.jpg","paquetes\productos-individuales"
"0956","Set de romero","$349.30","https://chemisette-web.s3.amazonaws.com/uploads/color/image/1133/P_LT1023_01.jpg","paquetes\productos-individuales"
"SLAP13","Mini muestras energizante (2 muestras)","$55.00","https://chemisette-web.s3.amazonaws.com/uploads/color/image/1142/slapenergizante.jpg","paquetes\productos-individuales"
"SLAP14","Mini muestras saludable (2 Muestras)","$55.00","https://chemisette-web.s3.amazonaws.com/uploads/color/image/1141/SLAPSALUDABLE.jpg","paquetes\productos-individuales"
"SLAP15","Mini muestras relajante (2 piezas)","$55.00","https://chemisette-web.s3.amazonaws.com/uploads/color/image/1140/SLAP_RELAJANTE.jpg","paquetes\productos-individuales"
"LS5018","6 barras Quantum + 6 sobres de malteada Quantum","$200.00","https://chemisette-web.s3.amazonaws.com/uploads/color/image/1143/PASO2.jpg","paquetes\productos-individuales"
"0837","Manual de uso para guía conSentidos Chemisette","$35.00","https://chemisette-web.s3.amazonaws.com/uploads/color/image/1152/GUI_ACONSENTIDOS.jpg","paquetes\productos-individuales"
"0957","Set de Romero muestras 35ml","$70.00","https://chemisette-web.s3.amazonaws.com/uploads/color/image/1156/muestrasromero.jpg","paquetes\productos-individuales"
"LP6001M","Gel Vitalité muestra","$0.00","https://chemisette-web.s3.amazonaws.com/uploads/color/image/1155/MUESTRA_GELVITALITE.jpg","paquetes\productos-individuales"
"0963","Díptico Club Cisne Dorado - Colección 2017","$0.00","https://chemisette-web.s3.amazonaws.com/uploads/color/image/1146/dipticocisnedorado.jpg","paquetes\productos-individuales"
"0750","Bolsa Chemisette negra con logo en plata","$200.00","https://chemisette-web.s3.amazonaws.com/uploads/color/image/1144/PX313.jpg","paquetes\productos-individuales"
"0965","Juego de 6 Tazas CCD 2017","$0.00","https://chemisette-web.s3.amazonaws.com/uploads/color/image/1111/Juego6tazas.jpg","paquetes\productos-individuales"
"0836","Guía conSentidos","$35.00","https://chemisette-web.s3.amazonaws.com/uploads/color/image/1151/manual.jpg","paquetes\productos-individuales"
"0801","Dije Cisne Dorado","$0.00","https://chemisette-web.s3.amazonaws.com/uploads/color/image/1174/dije_chemisette.jpg","paquetes\productos-individuales"
"0804","Aretes Club Cisne Dorado","$0.00","https://chemisette-web.s3.amazonaws.com/uploads/color/image/1175/ARETES.jpg","paquetes\productos-individuales"
"0799","Bolsa Compacta","$40.00","https://chemisette-web.s3.amazonaws.com/uploads/color/image/1176/0799.jpg","paquetes\productos-individuales"
"0793","Dije Corazón","$25.00","https://chemisette-web.s3.amazonaws.com/uploads/color/image/1182/0793.jpg","paquetes\productos-individuales"
"890I","Catálogo Primavera-Verano 2017","$15.00","https://chemisette-web.s3.amazonaws.com/uploads/color/image/1184/CATPV2017.jpg","paquetes\productos-individuales"
"KIT200","Kit de Aniversario 15 años","$200.00","https://chemisette-web.s3.amazonaws.com/uploads/color/image/1217/kitdeaniversario.jpg","paquetes\productos-individuales"
"0922-5","Alajero","$60.00","https://chemisette-web.s3.amazonaws.com/uploads/color/image/1204/PX307_Alajero.jpg","paquetes\productos-individuales"
"0922-7","Set organizador + lapicero","$60.00","https://chemisette-web.s3.amazonaws.com/uploads/color/image/1205/PX307_Organizadores.jpg","paquetes\productos-individuales"
"0922-8","Juego Organizador de 5 Piezas","$150.00","https://chemisette-web.s3.amazonaws.com/uploads/color/image/1206/PX312.jpg","paquetes\productos-individuales"
"0923","Clóset Portátil","$220.00","https://chemisette-web.s3.amazonaws.com/uploads/color/image/315/0923_01.jpg","paquetes\productos-individuales"
"20011","Crossback Bra","$206.50","https://chemisette-web.s3.amazonaws.com/uploads/color/image/1208/20011.jpg","paquetes\productos-individuales"
"B27","Complete Bra","$455.00","https://chemisette-web.s3.amazonaws.com/uploads/color/image/290/B27_80.jpg","paquetes\productos-individuales"
"20031","Luxury Bra","$259.00","https://chemisette-web.s3.amazonaws.com/uploads/color/image/1209/20031.jpg","paquetes\productos-individuales"
"0947M1","Pure Garden 10ml","$120.00","https://chemisette-web.s3.amazonaws.com/uploads/color/image/1225/PX308_Puregarden10ml.jpg","paquetes\productos-individuales"
"R0415","Faja Lifting","$150.00","https://chemisette-web.s3.amazonaws.com/uploads/color/image/1308/JUEVESDORADO.jpg","paquetes\productos-individuales"
"0857R","Menú de sugerencias diarias Quantum","$10.00","https://chemisette-web.s3.amazonaws.com/uploads/color/image/1342/DIETAQUANTUM.jpg","paquetes\productos-individuales"
"892I","Suplemento Moda y Salud Julio - Agosto 2017 ( 1 pieza )","$5.00","https://chemisette-web.s3.amazonaws.com/uploads/color/image/1369/892I.jpg","paquetes\productos-individuales"
"890P3","Catálogo Primavera Verano Pack con 4 + Suplemento Julio Agosto Pack con 4","$70.00","https://chemisette-web.s3.amazonaws.com/uploads/color/image/1367/890p3.jpg","paquetes\productos-individuales"
"0987","Volante Jueves Dorado","$0.00","https://chemisette-web.s3.amazonaws.com/uploads/color/image/1387/FLYERWEB_GRANDE.jpg","paquetes\productos-individuales"
"TAR1707","Tarjeta de cierre primeros pasos","$10.00","https://chemisette-web.s3.amazonaws.com/uploads/color/image/1403/TAR.jpg","paquetes\productos-individuales"
"893P1","Catálogo Otoño Invierno 2017 Pack con 4 mas Supl Septiembre - Octubre 2017 Pack con 4","$80.00","https://chemisette-web.s3.amazonaws.com/uploads/color/image/1406/4y4.jpg","paquetes\productos-individuales"
"893I","CATALOGO OTOÑO INVIERNO 2017 (1 PIEZA )","$15.00","https://chemisette-web.s3.amazonaws.com/uploads/color/image/1484/catoi.jpg","paquetes\productos-individuales"
"894I","SUPLEMENTO MODA-SALUD VENTA DIRECTA SEP-OCT 2017 1 pieza","$10.00","https://chemisette-web.s3.amazonaws.com/uploads/color/image/1485/suplemento.jpg","paquetes\productos-individuales"
"5599","Encaje Bra","$209.40","https://chemisette-web.s3.amazonaws.com/uploads/color/image/232/EncajeBra.jpg","intima\bras"
"25","Full Cover Bra","$168.00","https://chemisette-web.s3.amazonaws.com/uploads/color/image/211/P_23_93.jpg","intima\bras"
"28","Laser Bra","$329.00","https://chemisette-web.s3.amazonaws.com/uploads/color/image/213/28_93-copy.jpg","intima\bras"
"20012","Bra Strapless","$206.50","https://chemisette-web.s3.amazonaws.com/uploads/color/image/1105/P_20012_90.jpg","intima\bras"
"B26","Bra Venecia sin pad","$206.50","https://chemisette-web.s3.amazonaws.com/uploads/color/image/1108/B26_negro.jpg","intima\bras"
"LP5035","Guante Anti-juanetes","$266.00","https://chemisette-web.s3.amazonaws.com/uploads/color/image/295/LP5035_93_2.jpg","mas-lineas\pies-sin-dolor"
"LP5048","Tobillera Terapéutica Completa","$237.30","https://chemisette-web.s3.amazonaws.com/uploads/color/image/306/LP5048_93.jpg","mas-lineas\pies-sin-dolor"
"LP5044","Pasos Suaves Tactel","$125.30","https://chemisette-web.s3.amazonaws.com/uploads/color/image/302/LP5044_33.jpg","mas-lineas\pies-sin-dolor"
"LP5045","Pasos Suaves Algodón","$125.30","https://chemisette-web.s3.amazonaws.com/uploads/color/image/304/LP5045_36_2.jpg","mas-lineas\pies-sin-dolor"
"LP5038","Cover 5 Dedos","$160.30","https://chemisette-web.s3.amazonaws.com/uploads/color/image/297/LP5038_93_2.jpg","mas-lineas\pies-sin-dolor"
"LP5033","Protector de Talones","$59.40","https://chemisette-web.s3.amazonaws.com/uploads/color/image/371/LP5033_01.jpg","mas-lineas\pies-sin-dolor"
"LP5043","Protector con Gel Suavizante","$174.30","https://chemisette-web.s3.amazonaws.com/uploads/color/image/298/LP5043_04.jpg","mas-lineas\pies-sin-dolor"
"1500","Enforma Camiseta Reductora","$1,183.00","https://chemisette-web.s3.amazonaws.com/uploads/color/image/175/1500_oi2017.jpg","modelante\fajas-hombre"
"9002","Firmeza Abdominal","$251.30","https://chemisette-web.s3.amazonaws.com/uploads/color/image/286/9002_oi2017.jpg","modelante\fajas-hombre"
"0933","Alkaline Pure Termo","$750.00","https://chemisette-web.s3.amazonaws.com/uploads/color/image/323/0933_2.jpg","salud\alkaline-pure"
"0950","Alkaline Pure Jarra","$1,920.00","https://chemisette-web.s3.amazonaws.com/uploads/color/image/872/P_0950_1.jpg","salud\alkaline-pure"
"0979","Repuesto Filtro Alkaline Pure","$588.00","https://chemisette-web.s3.amazonaws.com/uploads/color/image/1166/0979.jpg","salud\alkaline-pure"
"0980","Filtros para jarra Alkaline Pure","$1,134.00","https://chemisette-web.s3.amazonaws.com/uploads/color/image/1167/0980.jpg","salud\alkaline-pure"
"PX1702","Bikini encaje de algodón (Pack con 2)","$209.30","https://chemisette-web.s3.amazonaws.com/uploads/color/image/1396/PV1710_bikiniencaje_GRISROSA.jpg","intima\pantys"
"5900","Panty Cintura Alta","$272.30","https://chemisette-web.s3.amazonaws.com/uploads/color/image/245/5900oi2017.jpg","intima\pantys"
"6000","Panty Encaje Confiable","$139.30","https://chemisette-web.s3.amazonaws.com/uploads/color/image/248/6000.jpg","intima\pantys"
"6005","Panty Mamma Mía","$132.30","https://chemisette-web.s3.amazonaws.com/uploads/color/image/249/6005.jpg","intima\pantys"
"5700","Panty Increible a la Cintura","$167.30","https://chemisette-web.s3.amazonaws.com/uploads/color/image/237/5700_80.jpg","intima\pantys"
"6004","Bikini Algodón a la cadera","$90.30","https://chemisette-web.s3.amazonaws.com/uploads/color/image/988/L7.jpg","intima\pantys"
"0926","Estuche de Aromaterapia","$390.00","https://chemisette-web.s3.amazonaws.com/uploads/color/image/319/0926_01.jpg","aromaterapia\accesorios"
"LT1002","Shampoo de Argán","$125.30","https://chemisette-web.s3.amazonaws.com/uploads/color/image/465/LT1002_01_2.jpg","cuidado-de-la-piel\tratamiento-para-cabello"
"LT1003","Tratamiento de Argán","$139.30","https://chemisette-web.s3.amazonaws.com/uploads/color/image/467/LT1003_01_2.jpg","cuidado-de-la-piel\tratamiento-para-cabello"
"LT1008","R-Vivelo","$203.00","https://chemisette-web.s3.amazonaws.com/uploads/color/image/475/LT1008_01_2.jpg","cuidado-de-la-piel\tratamiento-para-cabello"
"5688","Boxer Algodón","$150.50","https://chemisette-web.s3.amazonaws.com/uploads/color/image/234/5688_L5_2.jpg","mas-lineas\hombre"
"12012","Calcetín Hombre","$265.30","https://chemisette-web.s3.amazonaws.com/uploads/color/image/1303/12012oi2017.jpg","mas-lineas\hombre"
"12011","Calcetín Hombre","$265.30","https://chemisette-web.s3.amazonaws.com/uploads/color/image/122/12011_Z3.jpg","mas-lineas\hombre"
"21411","Calcetín de Cobre","$294.00","https://chemisette-web.s3.amazonaws.com/uploads/color/image/1049/21411oi2017.jpg","mas-lineas\hombre"
"LP5049","Mocasín Calcetines Tobilleros para Hombre","$132.30","https://chemisette-web.s3.amazonaws.com/uploads/color/image/307/P_LP5049_93_2.jpg","mas-lineas\hombre"
"0400","Tobimedia Terapéutica Vitalité 70","$160.30","https://chemisette-web.s3.amazonaws.com/uploads/color/image/2/400.jpg","mas-lineas\varices-y-diabetes"
"0413","Pantimedia Vitalité 70","$322.00","https://chemisette-web.s3.amazonaws.com/uploads/color/image/9/0413_85.jpg","mas-lineas\varices-y-diabetes"
"7300","Tobimedia Dedos Libres Masaje Preventivo","$209.30","https://chemisette-web.s3.amazonaws.com/uploads/color/image/274/7300_93.jpg","mas-lineas\varices-y-diabetes"
"10655","Tobimedia Descanso Preventivo","$125.30","https://chemisette-web.s3.amazonaws.com/uploads/color/image/88/10655.jpg","mas-lineas\varices-y-diabetes"
"21408","Calcetín de Cobre para Diabéticos","$279.30","https://chemisette-web.s3.amazonaws.com/uploads/color/image/209/21408_80.jpg","mas-lineas\varices-y-diabetes"
"7401","Tobimedia Dedos Libres Alta Compresión","$168.00","https://chemisette-web.s3.amazonaws.com/uploads/color/image/612/7401oi2017.jpg","mas-lineas\varices-y-diabetes"
"1537","Calcetín Compresión Alta Vitalité","$168.00","https://chemisette-web.s3.amazonaws.com/uploads/color/image/176/1537oi2017_1.jpg","mas-lineas\varices-y-diabetes"
"10695","Calcetín Compresión Media Descanso","$125.30","https://chemisette-web.s3.amazonaws.com/uploads/color/image/90/CALCETINCOMPRESIONMEDIA.jpg","mas-lineas\varices-y-diabetes"
"0420","Chemisette Microfibra Térmica Manga Larga","$202.30","https://chemisette-web.s3.amazonaws.com/uploads/color/image/18/0420_90.jpg","termico\camiseta-termica"
"0421","Chemisette Microfibra Térmica Manga Corta","$202.30","https://chemisette-web.s3.amazonaws.com/uploads/color/image/22/0421_90.jpg","termico\camiseta-termica"
"0422","Chemisette Microfibra Térmica Sin Manga","$202.30","https://chemisette-web.s3.amazonaws.com/uploads/color/image/27/0422_69.jpg","termico\camiseta-termica"
"0423","Chemisette Microfibra Térmica Colors","$202.30","https://chemisette-web.s3.amazonaws.com/uploads/color/image/33/0423_7W.jpg","termico\camiseta-termica"
"12010","Chemisette Básica interior","$181.30","https://chemisette-web.s3.amazonaws.com/uploads/color/image/110/12010_173.jpg","termico\camiseta-termica"
"1383","Semi-Beatle Chemisette Interior","$238.00","https://chemisette-web.s3.amazonaws.com/uploads/color/image/159/1383_80.jpg","termico\camiseta-termica"
"16211","Top Lucía","$203.00","https://chemisette-web.s3.amazonaws.com/uploads/color/image/180/16211_64.jpg","termico\camiseta-termica"
"16539","Beatle Chemisette Exterior","$321.30","https://chemisette-web.s3.amazonaws.com/uploads/color/image/198/16539_1G.jpg","termico\camiseta-termica"
"16543","Chic Top Chemisette Exterior","$321.30","https://chemisette-web.s3.amazonaws.com/uploads/color/image/203/16543_90.jpg","termico\camiseta-termica"
"12093","Short infantil","$125.30","https://chemisette-web.s3.amazonaws.com/uploads/color/image/1109/_12093.jpg","mas-lineas\ninos"
"5760","Bikini y Top Princess","$129.50","https://chemisette-web.s3.amazonaws.com/uploads/color/image/239/5760_78_2.jpg","mas-lineas\ninos"
"10403","Calceta Escolar","$265.30","https://chemisette-web.s3.amazonaws.com/uploads/color/image/86/10403_80_2.jpg","mas-lineas\ninos"
"14357","Sweet Leggings","$119.40","https://chemisette-web.s3.amazonaws.com/uploads/color/image/652/14357_80.jpg","mas-lineas\ninos"
"LT1022","Rosé Blush","$94.50","https://chemisette-web.s3.amazonaws.com/uploads/color/image/1325/LT1022_1.jpg","aromaterapia\productos-naturales"
"LP6001","Gel Vitalité Piernas Cansadas","$168.00","https://chemisette-web.s3.amazonaws.com/uploads/color/image/373/LP6001_02.jpg","aromaterapia\productos-naturales"
"LP5029","Toallitas Húmedas Desmaquillantes Faciales","$104.30","https://chemisette-web.s3.amazonaws.com/uploads/color/image/369/LP5029_03.jpg","aromaterapia\productos-naturales"
"LP6003","Biodefense","$146.30","https://chemisette-web.s3.amazonaws.com/uploads/color/image/1322/LP6003.jpg","aromaterapia\productos-naturales"
"LP6006","D' Mujer Juvenil","$146.30","https://chemisette-web.s3.amazonaws.com/uploads/color/image/1324/LP6006.jpg","aromaterapia\productos-naturales"
"LP6007","D' Mujer Madura","$146.30","https://chemisette-web.s3.amazonaws.com/uploads/color/image/1323/LP6007.jpg","aromaterapia\productos-naturales"
"LP6008","Shaving Cream","$349.30","https://chemisette-web.s3.amazonaws.com/uploads/color/image/1250/LP6008.jpg","aromaterapia\productos-naturales"
"LP6012","Spray Aftershave","$94.50","https://chemisette-web.s3.amazonaws.com/uploads/color/image/399/LP6012_2.jpg","aromaterapia\productos-naturales"
"LP6013","Set de Citrus","$343.00","https://chemisette-web.s3.amazonaws.com/uploads/color/image/401/LP6013.jpg","aromaterapia\productos-naturales"
"LP6014","Set de Lavanda","$343.00","https://chemisette-web.s3.amazonaws.com/uploads/color/image/406/LP6014.jpg","aromaterapia\productos-naturales"
"LP6015","Set de Ylang Ylang","$343.00","https://chemisette-web.s3.amazonaws.com/uploads/color/image/411/LP6015_1.jpg","aromaterapia\productos-naturales"
"LP6016","Douche Intime","$209.30","https://chemisette-web.s3.amazonaws.com/uploads/color/image/416/P_LP6016_01.jpg","aromaterapia\productos-naturales"
"LP6013-1","Body Mist Citrus 200ml","$104.30","https://chemisette-web.s3.amazonaws.com/uploads/color/image/1451/lp6013_3.jpg","aromaterapia\productos-naturales"
"LP6013-2","Concentrado Citrus 60ml","$104.30","https://chemisette-web.s3.amazonaws.com/uploads/color/image/1452/LP6013_2.jpg","aromaterapia\productos-naturales"
"LP6013-3","Crema citrus 35 ml","$104.30","https://chemisette-web.s3.amazonaws.com/uploads/color/image/1453/LP6013_1.jpg","aromaterapia\productos-naturales"
"LP6014-2","Concentrado Lavanda 60ml","$104.30","https://chemisette-web.s3.amazonaws.com/uploads/color/image/1455/LP6014_2.jpg","aromaterapia\productos-naturales"
"LP6014-1","Body Mist Lavanda 200 ml","$104.30","https://chemisette-web.s3.amazonaws.com/uploads/color/image/1454/LP6014_1.jpg","aromaterapia\productos-naturales"
"LP6014-3","Crema Lavanda 35ml","$104.30","https://chemisette-web.s3.amazonaws.com/uploads/color/image/1456/LP6014.jpg","aromaterapia\productos-naturales"
"LP6015-3","Crema Ylang Ylang 35ml","$104.30","https://chemisette-web.s3.amazonaws.com/uploads/color/image/1458/LP6015_1.jpg","aromaterapia\productos-naturales"
"LP6015-2","Concentrado Ylang Ylang 60 ml","$104.30","https://chemisette-web.s3.amazonaws.com/uploads/color/image/1459/LP6015_2.jpg","aromaterapia\productos-naturales"
"LP6015-1","Body mist Ylang Ylang 200ml","$104.30","https://chemisette-web.s3.amazonaws.com/uploads/color/image/1457/LP6015_3.jpg","aromaterapia\productos-naturales"
"LT1019","Ungüento de Tea Tree","$203.00","https://chemisette-web.s3.amazonaws.com/uploads/color/image/489/LT1019.jpg","aromaterapia\productos-naturales"
"LT1020","Ungüento de Óleo Fortte","$203.00","https://chemisette-web.s3.amazonaws.com/uploads/color/image/491/LT1020.jpg","aromaterapia\productos-naturales"
"LT1021","Ungüento de Enebro","$203.00","https://chemisette-web.s3.amazonaws.com/uploads/color/image/493/LT1021.jpg","aromaterapia\productos-naturales"
"LT1023","Crema Corporal Hidratante de Romero","$154.00","https://chemisette-web.s3.amazonaws.com/uploads/color/image/495/LT1023_01.jpg","aromaterapia\productos-naturales"
"LT1024","Shampoo Revitalizante de Romero","$154.00","https://chemisette-web.s3.amazonaws.com/uploads/color/image/497/LT1024_01.jpg","aromaterapia\productos-naturales"
"LT1025","Gel Jabón de Romero","$115.50","https://chemisette-web.s3.amazonaws.com/uploads/color/image/829/LT1025_01.jpg","aromaterapia\productos-naturales"
"LP801A1","Jabón Natural de Ruda y Aloe Vera","$97.30","https://chemisette-web.s3.amazonaws.com/uploads/color/image/1039/LP801A1_JAB_NRUDA.jpg","aromaterapia\productos-naturales"
"LT1029","Gel de Salvia Jazmín","$115.50","https://chemisette-web.s3.amazonaws.com/uploads/color/image/1329/PV1709_1.jpg","aromaterapia\productos-naturales"
"0947","Pure Garden Eau de Parfum","$336.00","https://chemisette-web.s3.amazonaws.com/uploads/color/image/1252/0947.jpg","aromaterapia\productos-naturales"
"0948","Fragance D' Ambiance Jazmín en Flor y Té de Magnolias","$294.00","https://chemisette-web.s3.amazonaws.com/uploads/color/image/805/0948.jpg","aromaterapia\productos-naturales"
"0949","Fragance D' Ambiance Neroli Fresca y Orquídea Dulce","$294.00","https://chemisette-web.s3.amazonaws.com/uploads/color/image/804/0949.jpg","aromaterapia\productos-naturales"
"LT1030","Óleo Desmaquillante Facial","$174.30","https://chemisette-web.s3.amazonaws.com/uploads/color/image/1056/LT1030_DesmaquillanteOleo.jpg","aromaterapia\productos-naturales"
"LT1031","Tónico Facial","$139.30","https://chemisette-web.s3.amazonaws.com/uploads/color/image/1055/LT1031_T_NICOFACIAL.jpg","aromaterapia\productos-naturales"
"LE2000","Ylang Ylang Bálsamo Corporal","$258.30","https://chemisette-web.s3.amazonaws.com/uploads/color/image/1311/LE2000.jpg","aromaterapia\formulas"
"LE2001","40-60 Bálsamo Corporal","$279.30","https://chemisette-web.s3.amazonaws.com/uploads/color/image/1312/LE2001.jpg","aromaterapia\formulas"
"LE2002","Óleo Fortte Roll-On","$209.30","https://chemisette-web.s3.amazonaws.com/uploads/color/image/853/LE2002.jpg","aromaterapia\formulas"
"LE2003","Óleo Fortte Fórmula","$269.50","https://chemisette-web.s3.amazonaws.com/uploads/color/image/854/LE2003.jpg","aromaterapia\formulas"
"LP5003","Sanapie Spray para Pies","$328.30","https://chemisette-web.s3.amazonaws.com/uploads/color/image/1313/LP5003.jpg","aromaterapia\formulas"
"LR3000","D' Sueño Bálsamo Corporal","$287.00","https://chemisette-web.s3.amazonaws.com/uploads/color/image/1314/LR3000.jpg","aromaterapia\formulas"
"LR3001","Anti-Es-3 Roll-On","$206.50","https://chemisette-web.s3.amazonaws.com/uploads/color/image/1315/LR3001.jpg","aromaterapia\formulas"
"LR3002","Melisa Relajante Bálsamo Corporal","$265.30","https://chemisette-web.s3.amazonaws.com/uploads/color/image/1316/LR3002.jpg","aromaterapia\formulas"
"LR3004","K-Alma Spray Ambiental","$328.30","https://chemisette-web.s3.amazonaws.com/uploads/color/image/1317/LR3004_copy.jpg","aromaterapia\formulas"
"LS4001","Eucabrisa Spray Ambiental","$321.30","https://chemisette-web.s3.amazonaws.com/uploads/color/image/1318/LS4001_copy.jpg","aromaterapia\formulas"
"LS4003","Enebro Bálsamo Muscular","$272.30","https://chemisette-web.s3.amazonaws.com/uploads/color/image/1319/LS4003.jpg","aromaterapia\formulas"
"LS4004","Crema de Tomillo","$202.30","https://chemisette-web.s3.amazonaws.com/uploads/color/image/1320/LS4004_copy.jpg","aromaterapia\formulas"
"LS4014","911 Alivio Spray","$188.30","https://chemisette-web.s3.amazonaws.com/uploads/color/image/1321/LS4014_copy.jpg","aromaterapia\formulas"
"SLE04","Set Energizante de Aceites Esenciales","$769.30","https://chemisette-web.s3.amazonaws.com/uploads/color/image/506/SLE04_4.jpg","aromaterapia\formulas"
"SLR04","Set Relajante de Aceites Esenciales","$875.00","https://chemisette-web.s3.amazonaws.com/uploads/color/image/510/SLR04_5.jpg","aromaterapia\formulas"
"SLS05","Set Saludable de Aceites Esenciales","$839.30","https://chemisette-web.s3.amazonaws.com/uploads/color/image/512/SLS05_4.jpg","aromaterapia\formulas"
"894","Suplemento Moda-Salud Venta directa Sep-Oct 2017 (Pack 4 piezas)","$25.00","https://chemisette-web.s3.amazonaws.com/uploads/color/image/1482/894_1.jpg","paquetes\herramientas-de-venta"
"P893","Catálogo Otoño-Invierno 2017 más Suplemento Sep-Oct (1 pieza c-u)","$25.00","https://chemisette-web.s3.amazonaws.com/uploads/color/image/1483/894.jpg","paquetes\herramientas-de-venta"
"C893","Catálogo Otoño Invierno 2017  (Pack con 4 ) con Suplemento Septiembre Octubre 2017 (Pack con 4)","$70.00","https://chemisette-web.s3.amazonaws.com/uploads/color/image/1405/4y4.jpg","paquetes\herramientas-de-venta"
"0538","Tarjetas de presentación sencillas (Paq c/50)","$30.00","https://chemisette-web.s3.amazonaws.com/uploads/color/image/903/Tarjetas_presentacion.jpg","paquetes\herramientas-de-venta"
"0548","Tarjetas de presentación dobles (Paq c/30)","$30.00","https://chemisette-web.s3.amazonaws.com/uploads/color/image/1110/Tarjeta_doble.jpg","paquetes\herramientas-de-venta"
"0537B","0537B - BOLSA  DE PLASTICO CHEMISETTE  PAQ/10","$20.00","https://chemisette-web.s3.amazonaws.com/uploads/color/image/905/ESTADEMODA.jpg","paquetes\herramientas-de-venta"
"812","Bolsa rosa tu clave al éxito","$20.00","https://chemisette-web.s3.amazonaws.com/uploads/color/image/906/BOLSAROSA.jpg","paquetes\herramientas-de-venta"
"0893","Bolsa ecológica de Aromaterapia","$20.00","https://chemisette-web.s3.amazonaws.com/uploads/color/image/907/BOLSAAROMATERAPIA.jpg","paquetes\herramientas-de-venta"
"0647","Bolsa de regalo metalica Paa c/4","$40.00","https://chemisette-web.s3.amazonaws.com/uploads/color/image/908/Bolsametalica.jpg","paquetes\herramientas-de-venta"
"SLS01","Mini set saludable","$45.00","https://chemisette-web.s3.amazonaws.com/uploads/color/image/909/SLS01.jpg","paquetes\herramientas-de-venta"
"SLE01","Mini set energizante","$49.00","https://chemisette-web.s3.amazonaws.com/uploads/color/image/910/SLE01.jpg","paquetes\herramientas-de-venta"
"SLR01","Mini set relajante","$49.00","https://chemisette-web.s3.amazonaws.com/uploads/color/image/911/SLR01.jpg","paquetes\herramientas-de-venta"
"0618B","Poster ropa térmica para toda la familia 0.70 x 1.30","$90.00","https://chemisette-web.s3.amazonaws.com/uploads/color/image/913/posterfamilia.jpg","paquetes\herramientas-de-venta"
"0618A","Poster ropa térmica para toda la familia 0.50 x 1.00","$50.00","https://chemisette-web.s3.amazonaws.com/uploads/color/image/912/posterfamilia.jpg","paquetes\herramientas-de-venta"
"0629B","Poster de Aromaterapia 0.70 X 1.30","$90.00","https://chemisette-web.s3.amazonaws.com/uploads/color/image/915/POSTER_AROMATERAPIA.jpg","paquetes\herramientas-de-venta"
"0629A","Poster de Aromaterapia 0.50 x 1.00","$50.00","https://chemisette-web.s3.amazonaws.com/uploads/color/image/914/POSTER_AROMATERAPIA.jpg","paquetes\herramientas-de-venta"
"0619B","Poster línea modelante 0.70 x 1.30","$90.00","https://chemisette-web.s3.amazonaws.com/uploads/color/image/917/POSTER-ROPAMODELANTE.jpg","paquetes\herramientas-de-venta"
"0624B","Poster logo Chemisette 0.70 x 1.30","$90.00","https://chemisette-web.s3.amazonaws.com/uploads/color/image/919/POSTERLOGO.jpg","paquetes\herramientas-de-venta"
"0628A","Poster de la dieta del Quantum 0.50 x 1.00","$40.00","https://chemisette-web.s3.amazonaws.com/uploads/color/image/1194/0628A.jpg","paquetes\herramientas-de-venta"
"0628B","Poster de la dieta del Quantum 0.70 x 1.30","$90.00","https://chemisette-web.s3.amazonaws.com/uploads/color/image/1193/0628A.jpg","paquetes\herramientas-de-venta"
"821","Plumas Chemisette con liston (Pack con 3)","$30.00","https://chemisette-web.s3.amazonaws.com/uploads/color/image/1203/PLUMACHEMISETTE.jpg","paquetes\herramientas-de-venta"
"0526","Folletos escolar infantil 50 piezas","$10.00","https://chemisette-web.s3.amazonaws.com/uploads/color/image/1188/0526.jpg","paquetes\herramientas-de-venta"
"0654","Bolsa ejecutiva Chemisette café","$100.00","https://chemisette-web.s3.amazonaws.com/uploads/color/image/1189/0654.jpg","paquetes\herramientas-de-venta"
"P0829","Aplicador con atomizador (Pack con 3)","$25.00","https://chemisette-web.s3.amazonaws.com/uploads/color/image/1190/90829.jpg","paquetes\herramientas-de-venta"
"06012","Bolsa Gel refrigerante (Pack con 2)","$20.00","https://chemisette-web.s3.amazonaws.com/uploads/color/image/1191/06012.jpg","paquetes\herramientas-de-venta"
"P0828","Aplicador con atomizador + Peine para tratamiento anti piojos","$10.00","https://chemisette-web.s3.amazonaws.com/uploads/color/image/1192/p0828.jpg","paquetes\herramientas-de-venta"
"0750","Bolsa Chemisette negra con logo en plata","$200.00","https://chemisette-web.s3.amazonaws.com/uploads/color/image/1144/PX313.jpg","paquetes\herramientas-de-venta"
"0795","Difusor ambiental Chemisette + Vela","$18.00","https://chemisette-web.s3.amazonaws.com/uploads/color/image/1195/0795.jpg","paquetes\herramientas-de-venta"
"0505","Block solicitud de producto 25 piezas","$15.00","https://chemisette-web.s3.amazonaws.com/uploads/color/image/1202/NOTADEVENTA.jpg","paquetes\herramientas-de-venta"
"0837","Manual de uso para guía conSentidos Chemisette","$35.00","https://chemisette-web.s3.amazonaws.com/uploads/color/image/1152/GUI_ACONSENTIDOS.jpg","paquetes\herramientas-de-venta"
"0825","Guía giratoria de aromaterapia","$35.00","https://chemisette-web.s3.amazonaws.com/uploads/color/image/1196/0825.jpg","paquetes\herramientas-de-venta"
"0916","Volante &quot;Guía de Aromaterapia&quot; (Pack con 10)","$10.00","https://chemisette-web.s3.amazonaws.com/uploads/color/image/1197/guia.jpg","paquetes\herramientas-de-venta"
"FT101C","Folleto protégete del frío 20 piezas a color","$15.00","https://chemisette-web.s3.amazonaws.com/uploads/color/image/1201/FT101C.jpg","paquetes\herramientas-de-venta"
"P0947M","Pure Garden 2ml (Pack con 10)","$50.00","https://chemisette-web.s3.amazonaws.com/uploads/color/image/1199/P0947M.jpg","paquetes\herramientas-de-venta"
"0962P","Tríptico Alkaline Pure (Pack con 5)","$15.00","https://chemisette-web.s3.amazonaws.com/uploads/color/image/1198/ALKALINE_FOLLETO.jpg","paquetes\herramientas-de-venta"
"0402","Media Encaje Italiano","$209.30","https://chemisette-web.s3.amazonaws.com/uploads/color/image/4/0402_90_2.jpg","moda\medias-diseno"
"11513","Pantymedia Línea","$181.30","https://chemisette-web.s3.amazonaws.com/uploads/color/image/105/11513_90.jpg","moda\medias-diseno"
"10755","Media encaje","$258.30","https://chemisette-web.s3.amazonaws.com/uploads/color/image/92/10755_90.jpg","moda\medias-diseno"
"11427","Pantymedia Cristal","$147.00","https://chemisette-web.s3.amazonaws.com/uploads/color/image/98/11427_90.jpg","moda\medias-diseno"
"11500","Pantymedia Diamante","$181.30","https://chemisette-web.s3.amazonaws.com/uploads/color/image/100/11500_B3.jpg","moda\medias-diseno"
"11502","Pantymedia Reina","$181.30","https://chemisette-web.s3.amazonaws.com/uploads/color/image/101/11502_90.jpg","moda\medias-diseno"
"11510","Pantymedia Coqueta","$181.30","https://chemisette-web.s3.amazonaws.com/uploads/color/image/103/11510_1T.jpg","moda\medias-diseno"
"11511","Pantymedia Dots","$146.30","https://chemisette-web.s3.amazonaws.com/uploads/color/image/523/11511_90.jpg","moda\medias-diseno"
"11512","Pantymedia Points","$181.30","https://chemisette-web.s3.amazonaws.com/uploads/color/image/104/11512_90.jpg","moda\medias-diseno"
"11514","Pantymedia Azahar","$181.30","https://chemisette-web.s3.amazonaws.com/uploads/color/image/106/11514_90.jpg","moda\medias-diseno"
"11515","Pantymedia Pixeles","$181.30","https://chemisette-web.s3.amazonaws.com/uploads/color/image/107/11515_90.jpg","moda\medias-diseno"
"12047","Pantymedia Red","$181.30","https://chemisette-web.s3.amazonaws.com/uploads/color/image/124/12047_90.jpg","moda\medias-diseno"
"3040","Juliana Top","$329.40","https://chemisette-web.s3.amazonaws.com/uploads/color/image/1424/3040.jpg","moda\re_evolucion"
"3041","Flavia Top","$377.40","https://chemisette-web.s3.amazonaws.com/uploads/color/image/1428/3041_143.jpg","moda\re_evolucion"
"3036","Debora Top","$299.40","https://chemisette-web.s3.amazonaws.com/uploads/color/image/1430/3036.jpg","moda\re_evolucion"
"3035","Amalia Top","$329.40","https://chemisette-web.s3.amazonaws.com/uploads/color/image/1431/3035.jpg","moda\re_evolucion"
"3037","Bruna Top","$329.40","https://chemisette-web.s3.amazonaws.com/uploads/color/image/1432/3037_1.jpg","moda\re_evolucion"
"3034","Zélica Top","$287.40","https://chemisette-web.s3.amazonaws.com/uploads/color/image/1434/3034.jpg","moda\re_evolucion"
"3039","Priscila Top","$287.40","https://chemisette-web.s3.amazonaws.com/uploads/color/image/1435/3039.jpg","moda\re_evolucion"
"3038","Polina Top","$377.40","https://chemisette-web.s3.amazonaws.com/uploads/color/image/1437/3038.jpg","moda\re_evolucion"
"12414","Lady Top","$246.00","https://chemisette-web.s3.amazonaws.com/uploads/color/image/155/12414_K80.jpg","moda\re_evolucion"
"16495","Gardenia Top","$270.00","https://chemisette-web.s3.amazonaws.com/uploads/color/image/185/16495_800.jpg","moda\re_evolucion"
"3031","Valentina Top","$288.00","https://chemisette-web.s3.amazonaws.com/uploads/color/image/1330/3031.jpg","moda\re_evolucion"
"3019","Steffania Top","$330.00","https://chemisette-web.s3.amazonaws.com/uploads/color/image/1232/3019.jpg","moda\re_evolucion"
"3032","Pamela Top","$270.00","https://chemisette-web.s3.amazonaws.com/uploads/color/image/1159/3032.jpg","moda\re_evolucion"
"3029","Victoria Top","$264.00","https://chemisette-web.s3.amazonaws.com/uploads/color/image/1160/3029.jpg","moda\re_evolucion"
"3030","Vanessa Top","$252.00","https://chemisette-web.s3.amazonaws.com/uploads/color/image/1163/3030.jpg","moda\re_evolucion"
"3023","Sylvana Top","$264.00","https://chemisette-web.s3.amazonaws.com/uploads/color/image/1231/_.jpg","moda\re_evolucion"
"3027","Alina Top","$288.00","https://chemisette-web.s3.amazonaws.com/uploads/color/image/1332/alinacuelloV.jpg","moda\re_evolucion"
"3020","Regina Top","$330.00","https://chemisette-web.s3.amazonaws.com/uploads/color/image/1234/3020.jpg","moda\re_evolucion"
"3012","Fabiana Top","$264.00","https://chemisette-web.s3.amazonaws.com/uploads/color/image/219/3012_110.jpg","moda\re_evolucion"
"3013","Rosella Top","$264.00","https://chemisette-web.s3.amazonaws.com/uploads/color/image/714/3013.jpg","moda\re_evolucion"
"12384","Mallorca Top","$264.00","https://chemisette-web.s3.amazonaws.com/uploads/color/image/670/_12384.jpg","moda\re_evolucion"
"16515","Murcia Top","$234.00","https://chemisette-web.s3.amazonaws.com/uploads/color/image/671/16515.jpg","moda\re_evolucion"
"16584","Sara Top","$411.00","https://chemisette-web.s3.amazonaws.com/uploads/color/image/1050/16584.jpg","moda\re_evolucion"
"1997","Pijama Luz con Algodón","$406.00","https://chemisette-web.s3.amazonaws.com/uploads/color/image/638/1997_15_1.jpg","intima\pijamas"
"1996","Pijama Alma con Algodón","$406.00","https://chemisette-web.s3.amazonaws.com/uploads/color/image/640/1996_02_1.jpg","intima\pijamas"
"1993","Pijama Luna Encajes con Algodón","$406.00","https://chemisette-web.s3.amazonaws.com/uploads/color/image/656/1993_106_1.jpg","intima\pijamas"
"1998","Pijama Zen con Algodón","$406.00","https://chemisette-web.s3.amazonaws.com/uploads/color/image/747/1998_42_1.jpg","intima\pijamas"
"0464","Chemisette Microfibra Térmica Sin Manga Hombre","$203.00","https://chemisette-web.s3.amazonaws.com/uploads/color/image/58/0464_oi17_2.jpg","termico\termicos-hombre"
"0465","Chemisette Microfibra Térmica Manga Corta Hombre","$203.00","https://chemisette-web.s3.amazonaws.com/uploads/color/image/60/0465_oi17_2.jpg","termico\termicos-hombre"
"1437","Chemisette Microfibra Térmica Manga Larga Hombre","$203.00","https://chemisette-web.s3.amazonaws.com/uploads/color/image/171/1437_oi17_2.jpg","termico\termicos-hombre"
"1473","Pantalón Térmico","$279.30","https://chemisette-web.s3.amazonaws.com/uploads/color/image/174/1473oi2017.jpg","termico\termicos-hombre"
"PSEP1701","Eucalipto a precio especial comprando incienso y tea tree","$669.60","https://chemisette-web.s3.amazonaws.com/uploads/color/image/1481/58eucalipto.jpg","paquetes\paquetes"
"PSEP1702","Naranja a precio especial comprando orégano y geranio","$638.60","https://chemisette-web.s3.amazonaws.com/uploads/color/image/1480/70naranja.jpg","paquetes\paquetes"
"PSEP1703","Menta a precio especial comprando Manzanilla y Lavanda","$689.60","https://chemisette-web.s3.amazonaws.com/uploads/color/image/1479/52menta.jpg","paquetes\paquetes"
"PX1701","Tanga encaje algodón coquet (Pack con 2)","$202.30","https://chemisette-web.s3.amazonaws.com/uploads/color/image/1407/PV1706_75.jpg","paquetes\paquetes"
"PX1702","Bikini encaje de algodón (Pack con 2)","$209.30","https://chemisette-web.s3.amazonaws.com/uploads/color/image/1396/PV1710_bikiniencaje_GRISROSA.jpg","paquetes\paquetes"
"PX1704","Set de romero (Shampoo gel y crema)","$364.00","https://chemisette-web.s3.amazonaws.com/uploads/color/image/1408/PX1704.jpg","paquetes\paquetes"
"PX1706","Bloqueador corporal con Nuevo aroma a coco más bloqueador facial","$279.30","https://chemisette-web.s3.amazonaws.com/uploads/color/image/1410/PAQUETE_COCO.jpg","paquetes\paquetes"
"PX1707","Set de argán (shampoo tratamiento y elixir) más re vívelo al 50 por ciento","$534.10","https://chemisette-web.s3.amazonaws.com/uploads/color/image/1411/PX1707.jpg","paquetes\paquetes"
"PX1708","Tónico facial más Desmaquillante óleo DE REGALO 20 Pétalos de algodón","$279.30","https://chemisette-web.s3.amazonaws.com/uploads/color/image/1412/px1708.jpg","paquetes\paquetes"
"PX1710","Almohadilla con encaje (2 pares)","$126.00","https://chemisette-web.s3.amazonaws.com/uploads/color/image/1413/px1710.jpg","paquetes\paquetes"
"PX1711","Faja firmeza abdominal (Pack con 2)","$476.00","https://chemisette-web.s3.amazonaws.com/uploads/color/image/1414/px1711.jpg","paquetes\paquetes"
"PX1712","Calcetín de cobre (2 Pares)","$546.00","https://chemisette-web.s3.amazonaws.com/uploads/color/image/1415/px1712.jpg","paquetes\paquetes"
"PX1713","Set de Afeitado (Shaving cream broca y aftershave)","$399.00","https://chemisette-web.s3.amazonaws.com/uploads/color/image/1416/px1713.jpg","paquetes\paquetes"
"PX1714","Body modelante (Pack con 2)","$642.60","https://chemisette-web.s3.amazonaws.com/uploads/color/image/1417/PX1714.jpg","paquetes\paquetes"
"PX1715","Faja Lifting reductora (Pack con 2)","$488.60","https://chemisette-web.s3.amazonaws.com/uploads/color/image/1418/PX1715.jpg","paquetes\paquetes"
"PX1716","Top Mia Reductora (Pack con 2)","$929.60","https://chemisette-web.s3.amazonaws.com/uploads/color/image/1419/PX1716.jpg","paquetes\paquetes"
"PX1717","Top Mia reductora elegance (Pack con 2)","$929.60","https://chemisette-web.s3.amazonaws.com/uploads/color/image/1420/PX1717.jpg","paquetes\paquetes"
"PX1718","Curvas perfectas (Pack con 2)","$476.00","https://chemisette-web.s3.amazonaws.com/uploads/color/image/1421/PX1718.jpg","paquetes\paquetes"
"PX1719","Cinturilla Ideal 60 (Pack con 2)","$476.00","https://chemisette-web.s3.amazonaws.com/uploads/color/image/1422/PX1719.jpg","paquetes\paquetes"
"PX1720","Almohadilla acolchonada con encaje (Pack con 2)","$237.30","https://chemisette-web.s3.amazonaws.com/uploads/color/image/1423/PX17120.jpg","paquetes\paquetes"
"R1993","Coordinado para dormir luna encaje más desmaquillante facial","$348.00","https://chemisette-web.s3.amazonaws.com/uploads/color/image/1445/1993_106.jpg","paquetes\paquetes"
"R1996","Coordinado para dormir Alma más desmaquillante facial","$348.00","https://chemisette-web.s3.amazonaws.com/uploads/color/image/1446/1996_02.jpg","paquetes\paquetes"
"R1997","Coordinado para dormir luz más desmaquillante facial","$348.00","https://chemisette-web.s3.amazonaws.com/uploads/color/image/1447/1997_15.jpg","paquetes\paquetes"
"R1998","Coordinado para dormir zen más desmaquillante facial","$348.00","https://chemisette-web.s3.amazonaws.com/uploads/color/image/1448/1998_42.jpg","paquetes\paquetes"
"P0836","Guía y manual con sentidos","$70.00","https://chemisette-web.s3.amazonaws.com/uploads/color/image/1063/P0836.jpg","paquetes\paquetes"
"LS5008","Programa Quantum con Quinoa Natural","$349.30","https://chemisette-web.s3.amazonaws.com/uploads/color/image/1062/LS5008.jpg","paquetes\paquetes"
"LS5021","Programa Quantum con Quinoa natural y cacao","$385.00","https://chemisette-web.s3.amazonaws.com/uploads/color/image/1061/LS5021_1.jpg","paquetes\paquetes"
"LS5022","Programa Quantum con Quinoa Natural y Arandano","$385.00","https://chemisette-web.s3.amazonaws.com/uploads/color/image/887/LS5022_11.jpg","paquetes\paquetes"
"LT1017","Programa completo D'luz Renovación Celular (5 Productos)","$1,547.00","https://chemisette-web.s3.amazonaws.com/uploads/color/image/1060/LT1017.jpg","paquetes\paquetes"
"C893","Catálogo Otoño Invierno 2017  (Pack con 4 ) con Suplemento Septiembre Octubre 2017 (Pack con 4)","$70.00","https://chemisette-web.s3.amazonaws.com/uploads/color/image/1405/4y4.jpg","paquetes\paquetes"
"11063","Piernas de Seda","$139.30","https://chemisette-web.s3.amazonaws.com/uploads/color/image/1102/11063_1.jpg","termico\medias"
"0458","Hivernal Tobimedia","$97.30","https://chemisette-web.s3.amazonaws.com/uploads/color/image/53/0458_oi17.jpg","termico\medias"
"10039","Tobimedia para pantalón Diseño","$118.30","https://chemisette-web.s3.amazonaws.com/uploads/color/image/661/10039_oi17.jpg","termico\medias"
"10042","Tobimedia para pantalón Diseño","$118.30","https://chemisette-web.s3.amazonaws.com/uploads/color/image/82/10042_180.jpg","termico\medias"
"10043","Tobimedia para pantalón Diseño","$118.30","https://chemisette-web.s3.amazonaws.com/uploads/color/image/83/10043_90.jpg","termico\medias"
"10776","Tobimedia para pantalón Diseño","$118.30","https://chemisette-web.s3.amazonaws.com/uploads/color/image/93/10776_90..jpg","termico\medias"
"10782","Tobimedia para pantalón Diseño","$118.30","https://chemisette-web.s3.amazonaws.com/uploads/color/image/95/10782_90.jpg","termico\medias"
"10785","Tobimedia para pantalón Diseño","$118.30","https://chemisette-web.s3.amazonaws.com/uploads/color/image/96/10785_90.jpg","termico\medias"
"10022","Tobimedia Polar Afelpada","$97.30","https://chemisette-web.s3.amazonaws.com/uploads/color/image/809/10022_oi17.jpg","termico\medias"
"10040","Tobimedia para pantalón Diseño","$118.30","https://chemisette-web.s3.amazonaws.com/uploads/color/image/808/10040_90.jpg","termico\medias"
"10679","Tobimedia para pantalón Moena","$118.30","https://chemisette-web.s3.amazonaws.com/uploads/color/image/787/10679_90.jpg","termico\medias"
"10752","Tobimedia para pantalón Sofia","$118.30","https://chemisette-web.s3.amazonaws.com/uploads/color/image/1104/10752_oi172.jpg","termico\medias"
"0400","Tobimedia Terapéutica Vitalité 70","$160.30","https://chemisette-web.s3.amazonaws.com/uploads/color/image/2/400.jpg","termico\medias-terapeuticas"
"0413","Pantimedia Vitalité 70","$322.00","https://chemisette-web.s3.amazonaws.com/uploads/color/image/9/0413_85.jpg","termico\medias-terapeuticas"
"10655","Tobimedia Descanso Preventivo","$125.30","https://chemisette-web.s3.amazonaws.com/uploads/color/image/88/10655.jpg","termico\medias-terapeuticas"
"10695","Calcetín Compresión Media Descanso","$125.30","https://chemisette-web.s3.amazonaws.com/uploads/color/image/90/CALCETINCOMPRESIONMEDIA.jpg","termico\medias-terapeuticas"
"1537","Calcetín Compresión Alta Vitalité","$168.00","https://chemisette-web.s3.amazonaws.com/uploads/color/image/176/1537oi2017_1.jpg","termico\medias-terapeuticas"
"21411","Calcetín de Cobre","$294.00","https://chemisette-web.s3.amazonaws.com/uploads/color/image/1049/21411oi2017.jpg","termico\medias-terapeuticas"
"21408","Calcetín de Cobre para Diabéticos","$279.30","https://chemisette-web.s3.amazonaws.com/uploads/color/image/209/21408_80.jpg","termico\medias-terapeuticas"
"7300","Tobimedia Dedos Libres Masaje Preventivo","$209.30","https://chemisette-web.s3.amazonaws.com/uploads/color/image/274/7300_93.jpg","termico\medias-terapeuticas"
"7401","Tobimedia Dedos Libres Alta Compresión","$168.00","https://chemisette-web.s3.amazonaws.com/uploads/color/image/612/7401oi2017.jpg","termico\medias-terapeuticas"
"7900","Capri Terapéutico","$294.00","https://chemisette-web.s3.amazonaws.com/uploads/color/image/279/7900_90.jpg","termico\medias-terapeuticas"
"LP5048","Tobillera Terapéutica Completa","$237.30","https://chemisette-web.s3.amazonaws.com/uploads/color/image/306/LP5048_93.jpg","termico\medias-terapeuticas"
"40240","Copacabana Traje de Baño","$597.00","https://chemisette-web.s3.amazonaws.com/uploads/color/image/227/_01_8.jpg","moda\trajes-de-bano"
"51162","Malibú Traje de Baño","$597.00","https://chemisette-web.s3.amazonaws.com/uploads/color/image/228/_01_5.jpg","moda\trajes-de-bano"
"40284","Coconut Traje de Baño","$597.00","https://chemisette-web.s3.amazonaws.com/uploads/color/image/522/40284_14.jpg","moda\trajes-de-bano"
"LS5005","Natuser Activador del Intestino","$147.00","https://chemisette-web.s3.amazonaws.com/uploads/color/image/443/LS5005_01.jpg","salud\dieta-del-quantum"
"LS5002","Gotas en spray Quantum","$90.30","https://chemisette-web.s3.amazonaws.com/uploads/color/image/440/LS5002_01.jpg","salud\dieta-del-quantum"
"LS5009","Malteada Quantum","$139.30","https://chemisette-web.s3.amazonaws.com/uploads/color/image/445/LS5009_01.jpg","salud\dieta-del-quantum"
"LS5010","Barras Quantum con Quinoa Natural","$154.00","https://chemisette-web.s3.amazonaws.com/uploads/color/image/447/LS5010_01.jpg","salud\dieta-del-quantum"
"LS5019","Caja con 12 Quantum Barras (Cacao)","$160.30","https://chemisette-web.s3.amazonaws.com/uploads/color/image/1137/ls5019_1.jpg","salud\dieta-del-quantum"
"LS5020","Caja con 12 Quantum Barras (Arándano)","$160.30","https://chemisette-web.s3.amazonaws.com/uploads/color/image/1138/LS5020_1.jpg","salud\dieta-del-quantum"
"LS5022","Programa Quantum con Quinoa Natural y Arandano","$385.00","https://chemisette-web.s3.amazonaws.com/uploads/color/image/887/LS5022_11.jpg","salud\dieta-del-quantum"
"LS5021","Programa Quantum con Quinoa natural y cacao","$385.00","https://chemisette-web.s3.amazonaws.com/uploads/color/image/1061/LS5021_1.jpg","salud\dieta-del-quantum"
"LS5008","Programa Quantum con Quinoa Natural","$349.30","https://chemisette-web.s3.amazonaws.com/uploads/color/image/1062/LS5008.jpg","salud\dieta-del-quantum"
