"LA VIÑA";"circunvalar@pastelerialavina.com";"Tel: (57) (6) 3172100";"Av Circunvalar 9-19 Lc3 Pereira, Colombia"
"SIN AZUCAR REPOSTERIA DIETETICA";"gerencia@sinazucar.com.co";"Tel: (57) (4) 6046563";"Cl 28 A 81 A-24 B Belén La Palma Medellín, Colombia"
"Astor";"astor@elastor.com.co";"Tel: (57) (4) 3853581";"Cr43 A 25 A-116 Medellín, Colombia"
"ASADOS LA 80";"mercadeo@asadosla80.com";"Tel: (57) (4) 4034040";"Cr81 30-07 Belen Medellín, Colombia"
"EL RANCHERITO";"";"Tel: (57) (4) 4449576";"Cl 18 35-50 Km2 via las Palmas Medellín, Colombia"
"RESTAURANTE LA DOCTORA";"jmgutierrez2011@gmail.com";"Tel: (57) (4) 2769041";"Cl 75 B S 40-20 Sabaneta, Colombia"
"La Abuela Isabel S.A";"laabuelaisabel@une.net.co";"Tel: (57) (4) 2603432";"Cl 49 B 67 A-43 Medellín, Colombia"
"Bakuba Bakery";"contacto@bakuba.com.cobakuba.sotano4@gmail.com";"Tel: (57) (4) 4480444";"Cr42 A 1-65 L-65 San Fernando Plaza Medellín, Colombia"
"Tamales Exquisitos";"texq@une.net.co";"Tel: (57) (4) 2700576";"Cl 38 S 47-07 Medellín, Colombia"
"Helados Iglú";"helados.iglu@hotmail.com";"PBX: (57) (6) 3301082";"Cl 8 17-38 Zona Industrial La Popa Dosq Pereira, Colombia"
"Quesañas y Lasañas";"quesanasy-lasanas@yahoo.com";"Tel: (57) (4) 4482499";"Cl 10 43 B-53 Medellín, Colombia"
"Diliexpress Logistica S.A.S.";"diliexpressm@hotmail.com";"Tel: (57) (4) 4446591";"Cr77 48 B-02 Medellín, Colombia"
"Perman S.A.";"perman@une.net.co";"Tel: (57) (4) 2857766";"Cl 10 S 50FF 70 Medellín, Colombia"
"LIBAR DOG";"gerencialibardog@hotmail.com";"Tel: (57) (7) 6477055";"Cr27 A 45 A-16 Bucaramanga, Colombia"
"TROPIC FRUITS";"tropicfruits2012@hotmail.com";"Tel: (57) (1) 4857072";"Dg38 S 81 G-66 Bdg 15 Bogotá, Colombia"
"Mamut Pizzas";"hyamileandrea@yahoo.com";"Tel: (57) (4) 4429900";"Dg85 79-186 Medellín, Colombia"
"MON BONBON";"dayisds@hotmail.com";"Cel.: (57) 3182485118";"Calle 1B # 82 - 12 Bogotá, Colombia"
"Jugos Naturales Montoya";"jugosnaturalesmontoya@hotmail.com";"Tel: (57) (1) 4919995";"Cr80 A 76-68 Bogotá, Colombia"
"Lonchería y Cafetería Oskar desde 1968";"loncheriaoscar@gmail.com";"Tel: (57) (4) 2750835";"Av50 A 51-79 Bello Medellín, Colombia"
"Casal Casa Alimenticia";"comercial@casaalimenticia.com";"Tel: (57) (4) 4484678";"Cr76 43-44 Medellín, Colombia"
"RESTAURANTE CHINO CHANG XING";"changxing@hotmail.com";"Tel: (57) (4) 2389488";"Cr81 28-112 Belén La Palma Medellín, Colombia"
"El Bizcochuelo S.A.S.";"mercadeo@cjbakerysa.com";"Tel: (57) (4) 4449105";"Cr51 73-98 Medellín, Colombia"
"Banquetes Bello Recuerdo";"banquetebellorecuerdo@gmaial.com";"Cel.: (57) 3128601784";"Atiende Desde Su Sede Principal Rionegro, Colombia"
"Brillantez Chino";"emocool.520@hotmail.com";"Tel: (57) (4) 2566071";"Cr76 32-52 Medellín, Colombia"
"Restaurante Mundos";"mundosribs@hotmail.com";"Tel: (57) (4) 5371835";"Km 7 Vía Llano Grande Medellín, Colombia"
"HOT WINGS CLASSIC";"wlasimon42@hotmail.com";"Tel: (57) (4) 5204646";"Cr43 A 25-S 19 L 105 Envigado Medellín, Colombia"
"RESTAURANTE DRAGÓN CHINO DE BELLO";"calichenino@hotmail.com";"Tel: (57) (4) 4448712";"Cr52 50 A-12 Bello, Colombia"
"PIZZERIA HAWAII";"hawaiilospelaos@hotmail.com";"Tel: (57) (6) 3260043";"Av. 30 De Agosto 34 38 Multifamiliar Las Garzas L 39 Pereira, Colombia"
"Empanada Envigadeña";"ladeliciaenvigacena@hotmail.com";"Tel: (57) (6) 7486388";"Cr 14 N 12-18 Parque Sucre Armenia, Colombia"
"Mi Sandwich";"jonny.millan@hotmail.com";"Tel: (57) (2) 2734755";"Carrera 28 # 37-18 Palmira, Colombia"
"La Exquisita";"l_exquisita@hotmail.com";"Tel: (57) (6) 3260737";"Cl 28 Cr6 Esq Pereira, Colombia"
"Heladería y Fruteria Tatos";"heladeriayfruteriatatos@hotmail.com";"Cel.: (57) 3143820341";"Autop S Oriental 13-01 L 5 Cali, Colombia"
"ACENDRADO";"acendradotasyideas@gmail.com";"Cel.: (57) 3004955174";"Cr108 75 D-13 Bogotá, Colombia"
"Productos Alimenticios El Menu S.A.S";"productosalimenticioselmenu@gmail.com";"Tel: (57) (4) 5706635";"Cr47 76 D-S 25 Medellín, Colombia"
"HELADERÍA ANTARTIDA";"milucas17@hotmail.com";"Tel: (57) (7) 6828612";"Cr21 B 24 A-18 Villa Campestre 3 Girón, Colombia"
"Rosquillas D´Chaks...";"chaks@une.net.co";"Tel: (57) (4) 3723941";"Cl 50 A 41-C 32 Medellín, Colombia"
"Ristorante Villa Italia";"pizzavillaitalia@gmail.com";"Tel: (57) (6) 3258230";"Cl 19 4-20 Pereira, Colombia"
"Panaderia y Pasteleria Cepita";"cepita06@hotmail.com";"Tel: (57) (7) 6202104";"Cl 50 28-16 Br Palmira Barrancabermeja, Colombia"
"Panadería el Pastelito";"elpastelito@gmail.com";"Tel: (57) (4) 2769616";"Cr43 A 34 S-03 Envigado Medellín, Colombia"
"EL PORTAL";"pradaadriana.311@hotmail.com";"Cel.: (57) 3124578637";"Cl 50 17-41 Brr. Colombia Barrancabermeja, Colombia"
"ANIMACIONES JUNIOR DIVERTIDÍSIMOS";"juniordivertiDisimos@gmail.com";"Cel.: (57) 3006032290";"Cl 29 7-14 P-4 Pereira Pereira, Colombia"
"Casa de Té";"marialuh@yahoo.com";"Tel: (57) (4) 3120138";"Cr45 5-66 Medellín, Colombia"
"D' ARTE REFRIGERIOS SALUDABLES - CAFE";"refrigeriossaludables@gmail.com";"Tel: (57) (1) 3108473";"Cr71 52-88 Casa 101 Bogotá, Colombia"
"FRUTERIA HELADERIA Y CAFETERIA EL PORTAL DE LAS FRUTAS";"wilmer-2003@live.com";"Tel: (57) (1) 7782137";"Cl 65 S 80-52 P 1 Bogotá, Colombia"
"HELADOS GOLOSO";"nuriaspalleja@hotmail.com";"Tel: (57) (6) 3266108";"Cr7 34-37 Pereira, Colombia"
"Productos Alimenticios El Repostero S.A.";"elrepostero@une.net.co";"Tel: (57) (4) 3115543";"Cr36 8 A-09 Medellín, Colombia"
"Panadería el Pastelito";"elpastelito@gmail.com";"Tel: (57) (4) 2769616";"Cr43 A 34 S-03 Envigado Medellín, Colombia"
"PICADITAS";"picaditassincelejo@hotmail.com";"Tel: (57) (5) 4202977";"Av del Libertador 25-112 L-4 Santa Marta, Colombia"
"Panaderia y Pasteleria Cepita";"cepita06@hotmail.com";"Tel: (57) (7) 6202104";"Cl 50 28-16 Br Palmira Barrancabermeja, Colombia"
"ARRABBIATA COMIDA ITALIANA";"arrabbiatalasagna@gmail.com";"Tel: (57) (7) 6571815";"Cr 16# 70-66 Bucaramanga, Colombia"
"REFRIGERIOS GOURMET S.A.S.";"";"Cel.: (57) 3105637388";"Manz 19 Casa 5 Brr/aprovitef Flandes Girardot, Colombia"
"ASADOS LA 80";"mercadeo@asadosla80.com";"Tel: (57) (4) 4034040";"Cr81 30-07 Belen Medellín, Colombia"
"Todo Fresa";"pedror@todofresa.com.co";"Tel: (57) (4) 4444662";"Cl 60 S 43 A-118 Sabaneta Medellín, Colombia"
"Parmessano";"info@parmessano.com.co";"Tel: (57) (4) 4444662";"Cl 60 S 43 A-118 Sabaneta Medellín, Colombia"
"La Herradura Restaurante Típico";"laherradura767@hotmail.com";"Tel: (57) (5) 3458445";"Cr46 82-170 Barranquilla, Colombia"
"RESTAURANTE LA HERRADURA";"laherradura767@hotmail.com";"Tel: (57) (5) 3458445";"Cr46 82-170 Barranquilla, Colombia"
"PIZZERIA EDGARTELLO";"nohemi_devia81@hotmail.com";"Tel: (57) (7) 5846392";"Av 6 7-06 Cúcuta, Colombia"
"RESTAURANTE LA FRAGATA GIRATORIO";"eventos@lafragata.com";"Tel: (57) (1) 2184456";"Cl 100 8 A-55 Trr C Bogotá, Colombia"
"RESTAURANT CHOP SUEY";"restaurantechopsuey@hotmail.com";"Tel: (57) (5) 3450080";"Cr 49 72-86 Barranquilla, Colombia"
"FISH MARKET LA FRAGATA";"eventos@lafragata.com";"Tel: (57) (1) 2108587";"Av Eldorado 69 C-03 L 204 Bogotá, Colombia"
"TOSHIRO ROBATAYAKI";"";"Tel: (57) (1) 2566724";"Cl 90 11-13 L 5 Bogotá, Colombia"
"RESTAURANTE LINDO KING II";"lindoking@live.com";"Tel: (57) (5) 6562802";"Cr17 41-33 Paseo Bolívar Cartagena, Colombia"
"RESTAURANTE CASA MANDARIN";"dd.yuyuan2@hotmail.com.co";"Cel.: (57) 3186402246";"Av. Pasoancho 47 A 16 Cali, Colombia"
"Comida China Pekin";"chjen_chjen@hotmail.com";"Tel: (57) (4) 2342037";"Cr 80 50-150 Medellín, Colombia"
"RESTAURANTE NERUDA";"lizcruz1905@gmail.com";"Tel: (57) (8) 6724881";"Calle 46 # 29 - 33  Caudal Oriental Villavicencio, Colombia"
"NARCOBOLLO 3";"narcobollo3@gmail.com";"Tel: (57) (1) 2136792";"Cr 20 116 - 14 Bogotá, Colombia"
"RESTAURANTE EL PORTAL CHINO BUCARAMANGA";"nidia.tarazona@hotmail.com";"Tel: (57) (7) 6313645";"Cl 112 33 A-52 Bucaramanga, Colombia"
"RESTAURANTE DARIUS";"";"Tel: (57) (1) 2692572";"Av Américas  N 43 A-44 Bogotá, Colombia"
"RESTAURANTE LA OLLA CARTAGENERA";"olladfache@hotmail.com";"Tel: (57) (5) 6653861";"Bgde Cr2 5-100 L-3 Av San Martín Cartagena, Colombia"
"Restaurante Chino Arco Iris";"arcoirisrest@une.net.co";"Tel: (57) (4) 3776235";"Cr49 46-13 Medellín, Colombia"
"RESTAURANTE MARIA";"reservas@mariacartagena.com";"Tel: (57) (5) 6643678";"Cr6 34-64 L-2 Calle del Colegio Cartagena, Colombia"
"Restaurante Juan K";"pv.prada157@gmail.com";"Tel: (57) (7) 5779114";"Av 3 E 1-128 La Ceiba Cúcuta, Colombia"
"RESTAURANTE SHUN KING";"susanatanyu@gmail.com";"Tel: (57) (6) 3342511";"Cr9 20-37 Pereira, Colombia"
"EL CHEF ANTONIO";"antoniocorredor_2010@hotmail.co";"Cel.: (57) 3202319840";"Cl 134 A 55 A-45 Bogotá, Colombia"
"PIZZERIA EDGARTELO";"hmilenarn@gmail.com";"Tel: (57) (7) 5744461";"Av Libertadores Edif Las Cascadas L-11-12 Cúcuta, Colombia"
"El Arriero Colombiano S.A.S.";"info@elarrierocolombia.com.co";"Tel: (57) (6) 3376624";"Av 30 Agosto 63-30 Pereira, Colombia"
"Restaurante Oriental Express";"";"Tel: (57) (4) 2280758";"Cr45 47-32 Medellín, Colombia"
"RESTAURANTE BEIRUT";"";"Tel: (57) (5) 3528971";"Cr43 84-38 Granadilla Barranquilla, Colombia"
"casa deli chino";"domicilios@casadelichino.com";"Tel: (57) (4) 4481415";"Cr50 45-29 Bello, Colombia"
"CHAN TSE WAY YEE";"";"Tel: (57) (7) 5718514";"Cl 5 2-27 Latino Cúcuta, Colombia"
"Restaurante Tong Nam´s";"jassir114@hotmail.com";"Cel.: (57) 3013822518";"Cl 74 No. 66-03 Barranquilla, Colombia"
"CASONA CHINA";"casonachina@hotmail.com";"Cel.: (57) 3174985070";"Cr10 8-02 San Gil, Colombia"
"MARTINA CHURRASQUERIA";"martina.churrasqueria@htmail.com";"Tel: (57) (7) 6114572";"Dg56 15 B-62 Barrancabermeja, Colombia"
"CASA MANDARIN";"daniel.chengcsj@gmail.com";"Tel: (57) (4) 2343972";"Cr80 54-41 Medellín, Colombia"
"Restaurante Casa Verde";"casaverderes@yahoo.es";"Tel: (57) (6) 7462018";"Cr14 11 A-25 Armenia, Colombia"
"Restaurante Mundos";"mundosribs@hotmail.com";"Tel: (57) (4) 5371835";"Km 7 Vía Llano Grande Medellín, Colombia"
"RESTAURANTE DRAGÓN CHINO DE BELLO";"calichenino@hotmail.com";"Tel: (57) (4) 4448712";"Cr52 50 A-12 Bello, Colombia"
"Restaurante Prosperidad";"prosperidadchino@hotmail.com";"Tel: (57) (1) 8323333";"Av 30 10-140 Vía Kenedy Girardot, Colombia"
"RISTORANTE MUSEO MILLE MIGLIA S.A.S";"atencionalcliente1000miglia@gmail.com";"Tel: (57) (7) 5955491";"Av 3 E 15 A 100 Caobos Cúcuta, Colombia"
"RESTAURANTE CARIOCA FAST";"cariocaexpressdevt@gmail.com";"Tel: (57) (2) 2282285";"Cr16 Cl 4 Esq Buga, Colombia"
"RESTAURANTE HUANG-DU";"beruribo41@gmail.com";"Cel.: (57) 3147894110";"Cr23 60-66 Frente A La Universidad Católica Manizales, Colombia"
"Restaurante Lai Li 170";"";"Tel: (57) (1) 6728929";"Cr49 B 170-44 Bogotá, Colombia"
"OLIVA MEDITERRANEA";"tamayoricardo@hotmail.com";"Cel.: (57) 3105796030";"Unicentro L-329-330 Villavicencio, Colombia"
"GALLINERAL RESTAURANTE";"alruedag8@hotmail.com";"Cel.: (57) 3005652653";"Int Parque Gallineral San Gil, Colombia"
"LA MAISON FRANCAISE";"stephcolombie@yahoo.fr";"Tel: (57) (7) 6021293";"Cl 48 17-72 Brr Buenos Aires Barrancabermeja, Colombia"
"RESTAURANTE CZARDAS";"email.clientes@restauranteczardas.com";"Tel: (57) (6) 3368770";"Cl 29 6-13 Pereira, Colombia"
"CHOP SUEY RESTAURANTE";"jhogiar04@gmail.com";"Tel: (57) (2) 3640218";"Cr26 29-14 Tuluá, Colombia"
"CASA CHINA";"inchina@hotmail.com";"Tel: (57) (5) 2811551";"Cr18 24-93 Centro Sincelejo, Colombia"
"CORONA DE ORO RESTAURANTE";"coronadeoro@hotmail.com";"Tel: (57) (7) 5751994";"Av Libertadores Cl 5 A 13 E-50 Colsag Cúcuta, Colombia"
"Restaurante Brillante";"restaurantechinobrillante@hotmail.com";"Cel.: (57) 3123332617";"Av Calle 3-24 19 Sta Isabel Bogotá, Colombia"
"El Payés Comida Española";"xibille@une.net.co";"Tel: (57) (4) 4481217";"Cr43 B 12-21 Medellín, Colombia"
"Restaurante Marco's";"riosol34@hotmail.com";"Tel: (57) (8) 8742000";"Av26 28-03 Las Granjas Neiva, Colombia"
"LA TERRAZA ARABE";"laterrazaarabe@hotmail.com";"Cel.: (57) 3012651125";"Cl 18 20-77 Brr. El Jardín Santa Marta, Colombia"
"COMIDAS RAPIDAS PAISARLEX";"paisarlex@hotmail.com";"Tel: (57) (2) 2249172";"Cr26 38-48 Tuluá, Colombia"
"RESTAURANTE CHOP SUEY";"alejandro_qiu@hotmail.com";"Tel: (57) (2) 2244182";"Cr26 29-14 Tuluá, Colombia"
"IL FORNO";"ilfornoman@hotmail.com";"Tel: (57) (6) 8868515";"Cr23 73-86 Manizales, Colombia"
"RESTAURANTE SEVICHERIA EL COSTEÑO";"";"Tel: (57) (2) 2374518";"Carrera 9 11-63 Buga, Colombia"
"RANCHO PAISA";"ranchopaisa@hotmail.com";"Tel: (57) (5) 6663757";"Cl 63 1-05 Cartagena, Colombia"
"MISTER LEE - QUIERO CLIENTES";"tytusaquen@gmail.com";"Tel: (57) (1) 6772787";"Cr22 168-46 Bogotá, Colombia"
"Restaurante Tortelli";"gerencia@restaurantetortelli.com";"Tel: (57) (2) 3160414";"Av San Joaquín # 15 - 9 L-108 Cali, Colombia"
"ARRABBIATA COMIDA ITALIANA";"arrabbiatalasagna@gmail.com";"Tel: (57) (7) 6571815";"Cr 16# 70-66 Bucaramanga, Colombia"
"Subway";"subwaypc@hotmail.com";"Tel: (57) (7) 7242620";"C.C. El puente local 106 San Gil, Colombia"
"ALBENZU RESTAURANTE";"restaurantealbenzu@yahoo.es";"Tel: (57) (4) 4449921";"Cr81 32-98 L 132 133 Medellín, Colombia"
"Delulus";"moyanomx@yahoo.com";"Tel: (57) (2) 5133051";"Cr56 9-23 Cali, Colombia"
"RESTAURANTE CHINO CHAO GUO";"cabeto70866@hotmail.com";"Tel: (57) (8) 8719101";"Cr 8 B 18 A-20 Neiva, Colombia"
"HUA WEI SAS";"wenyingli@hotmail.com";"Tel: (57) (8) 8714395";"Cl 7 7 29 Neiva, Colombia"
"RANCHO PAISA";"ranchopaisa@hotmail.com";"Tel: (57) (5) 6663757";"Cl 63 1-05 Cartagena, Colombia"
"ASIA EL DRAGON DE ORO RESTAURANTE";"qiupingzhen@hotmail.com";"Tel: (57) (8) 8715568";"Cl 7 Cr14 Esq Neiva, Colombia"
"DOÑA SARA RESTAURANTE";"";"Tel: (57) (7) 5721369";"Dg Santander 6-17 Cúcuta, Colombia"
"RESTAURANTE POMOD'ORO";"restaurantepomodoro@gmail.com";"Tel: (57) (4) 4123404";"Cl 42 71-24 Medellín, Colombia"
"MISTER LEE - QUIERO CLIENTES";"tytusaquen@gmail.com";"Tel: (57) (1) 6772787";"Cr22 168-46 Bogotá, Colombia"
"GENESIS SERVICIOS GASTRONOMICOS";"genesisgastronomico@gmail.com";"Tel: (57) (5) 6754341";"Barrio Andalucia Ave. Madrid #46-37 Cartagena, Colombia"
"COFFEE GARDEN";"andresforero.cardona1210@gmail.com";"Cel.: (57) 3137869892";"Cr14 10 N -05 Armenia, Colombia"
"BRASAS Y LEÑAS";"ajulianagonzalez@hotmail.com";"Tel: (57) (7) 6561436";"Cr4 2 A-12 Piedecuesta, Colombia"
"PERUWOK";"peruwok23@hotmail.com";"Tel: (57) (4) 4484423";"Cra 32 2-S 47 Mall Zona 2 Local 117 Medellín, Colombia"
"ARRABBIATA COMIDA ITALIANA";"arrabbiatalasagna@gmail.com";"Tel: (57) (7) 6571815";"Cr 16# 70-66 Bucaramanga, Colombia"
"RESTAURANTE YOU YI";"chenyuchang2@gmail.com";"Tel: (57) (6) 8841297";"Cr23 40-06 Frente a Casa López Manizales, Colombia"
"Restaurante Tortelli";"gerencia@restaurantetortelli.com";"Tel: (57) (2) 3160414";"Av San Joaquín # 15 - 9 L-108 Cali, Colombia"
"RESTAURANTE PIQUEO";"comunicacionespiqueo@gmail.com";"Tel: (57) (4) 2682933";"Cr35 10 B-50 Medellín, Colombia"
"ARROCES RICKY'S RESTAURANTE";"";"Tel: (57) (5) 8660415";"Cr25 28-69 Av Okala Sincelejo, Colombia"
"LA VIÑA";"circunvalar@pastelerialavina.com";"Tel: (57) (6) 3172100";"Av Circunvalar 9-19 Lc3 Pereira, Colombia"
"MENSAJEROS URBANOS";"andres@mensajerosurbanos.com";"Tel: (57) (1) 3297444";"Cr19 135-30 P 4 Bogotá, Colombia"
"Pizzería & Restaurante Asturias";"andreaflorez@hotelciudadbonit";"Tel: (57) (7) 6457565";"Cr22 35-01 Bucaramanga, Colombia"
"ASADOS LA 80";"mercadeo@asadosla80.com";"Tel: (57) (4) 4034040";"Cr81 30-07 Belen Medellín, Colombia"
"EL RANCHERITO";"";"Tel: (57) (4) 4449576";"Cl 18 35-50 Km2 via las Palmas Medellín, Colombia"
"DROGUERIA PATRIA JY";"";"Tel: (57) (8) 6610553";"Cr30 36-94 Centro Villavicencio, Colombia"
"Vivero Produplantas";"olivadelcarmensarmiento@hotmail.es";"Cel.: (57) 3114954844";"Cr  65 No. 175 - 64 Bogotá, Colombia"
"Fesanar del Caribe";"jessi16000@hotmail.com";"Tel: (57) (5) 6613913";"Atiende Desde Su Sede Principal Barranquilla, Colombia"
"Ejevet";"ejeveterinario@hotmail.com";"Tel: (57) (6) 3161611";"Av Circunvalar 3-27 Pereira, Colombia"
"Bio Quality Salud S.A.S.";"bqs@bioqualitysalud.com";"Tel: (57) (6) 3402372";"Cr10 19-72 Pereira, Colombia"
"Legumbres Heriberto Montes Bedoya S.A.";"gerenciamed@lhm.com.co";"Tel: (57) (4) 4446925";"Cl 84 A 47-50 Itagüí B 10 L 16 17 Medellín, Colombia"
"Fajas MyD Posquirúrgicas";"lasamericas@fajasmyd.com.co";"Tel: (57) (1) 7044633";"Cl 127 71-66 Bogotá, Colombia"
"Plásticos Colombia Ltda.";"plasticoscolombialtda@gmail.com";"Tel: (57) (4) 2323254";"Cl 26 44-45 Medellín, Colombia"
"Medicanes Clinica Veterinaria";"medicanes@hotmail.com";"Tel: (57) (6) 3272767";"Manz 15 Cs 1 Corales Pereira, Colombia"
"TECNOLOGÍA Y DISEÑO";"publicidad@tecnologiaydiseno.com";"Tel: (57) (4) 4442624";"Cl 85 48-01 Central Mayorista de Antioquia Bloque 1 Local 22 Medellín, Colombia"
"A.J. Aluminio";"aj_aluminios@hotmail.es";"Tel: (57) (2) 3268656";"Cr47 14-12 Cali, Colombia"
"Canguros Express";"cangurosexpress@gmail.com";"Cel.: (57) 3112679032";"Cr69 L 66-40 Bogotá, Colombia"
"MENSAJERÍA SUPER ENTREGA";"superentrega001@hotmail.com";"Tel: (57) (7) 6717770";"Cr30 16-09 San Alonso Bucaramanga, Colombia"
"SERVIMANTENIMIENTO";"servimantenimiento.reparaciones@hotmail.com";"Tel: (57) (6) 3462125";"Cra 10 27-68 Pereira, Colombia"
"Diliexpress Logistica S.A.S.";"diliexpressm@hotmail.com";"Tel: (57) (4) 4446591";"Cr77 48 B-02 Medellín, Colombia"
"Domicilios GRATIS, Florería Regalo Flores";"floreriaregaloflores@gmail.com.co";"Tel: (57) (8) 6727758";"Cl 40 30 A-02 Villavicencio, Colombia"
"FENICIA PICADAS ARABES";"gerencia@feniciapicadasarabes.com";"Tel: (57) (1) 2586151";"Cl 130 50-33 Bogotá, Colombia"
"Buñuelos Dias!";"bunuelosdias@hotmail.com";"Tel: (57) (6) 3152323";"Av Circunvalar 4-21 Pereira, Colombia"
"DECORACIONES LOPTORRES";"loptorres@hotmail.com";"Tel: (57) (1) 3374445";"Calle 23 # 12-19 Piso 2 Bogotá, Colombia"
"DISTRIRENAULT";"distrirenault2010@hotmail.com";"Tel: (57) (6) 7461474";"Cr20 12-43 Armenia, Colombia"
"Compucentro";"compucentroper@yahoo.com";"Tel: (57) (6) 3341668";"Cl 16 7-31 Pereira, Colombia"
"ALMACEN TODO RENAULT Y MAS...";"todorenaultpereira@hotmail.com";"Tel: (57) (6) 3344408";"Cr12 24-106 Local 1 Pereira, Colombia"
"Distribuidora De Carnes Aragon S.A.S";"carnesaragonsas@gmail.com";"Tel: (57) (4) 3432627";"Cl 24 75-72 Belén Medellín, Colombia"
"COLMATEMATICAS";"colma06179@hotmail.com";"PBX: (57) (1) 3600524";"Cl 1 A BIS 29 C-43 Bogotá, Colombia"
"Rolineras de Colombia S.A.S.";"ventas14@rolicol.com";"Tel: (57) (7) 6710070";"Cr14 22-41 Bucaramanga, Colombia"
"OFIPRINTING SOLUTIONS S.A.S.";"ofiprintingsolutions@yahoo.com";"Tel: (57) (6) 3333321";"Cl 19 12-69 Nivel 0 L-P-L-1 C.C. Fiducentro Pereira, Colombia"
"POLYMALLAS POLIMEROS Y MALLAS INDUSTRIALES";"importsantandersas@gmail.com";"Tel: (57) (7) 6704224";"Cr13 # 41-28 Bucaramanga, Colombia"
"LAVATODO - ALQUILER DE LAVADORAS";"lavatodo317@gmail.com";"Tel: (57) (6) 3464632";"Manz A Casa 17 5 de Octubre Cuba Pereira, Colombia"
"RANCHO Y LICORES EXTRANJEROS";"alihenaoc@yahoo.com.mx";"PBX: (57) (6) 3261587";"Cr 8 30-33 Pereira, Colombia"
"Drogas Salud Descuentos";"saludescuentos1@hotmail.com";"Tel: (57) (2) 2303772";"Cl 25 # 16-02 Tuluá, Colombia"
"Droguería Las Acacias";"drogacacias@hotmail.com";"Tel: (57) (6) 7342525";"Manz 7 Casa 3 Las Acacias Armenia, Colombia"
"MENSAJERIA RAPIDO Y PRECISO";"mensajeriarapidoypreciso@gmail.com";"Tel: (57) (7) 6478999";"Cr46 55-76 Bucaramanga, Colombia"
"NATURGAS - SERVICIOS TÉCNICOS EN GAS";"naturgaspereira@gmail.com";"Tel: (57) (6) 3122145";"Mz2 Cs14 Brr Naranjito Aguas Claras Cuba Pereira, Colombia"
"POLLO AHUMADO RANCHERO Y PAVO EL DORADITO";"polloranchero.doradito@gmail.com";"Tel: (57) (1) 2478383";"Cl 10 28-52 Bogotá, Colombia"
"ASADOS Y MUCHO MÁS";"asadosymuchomas@gmail.com";"Tel: (57) (5) 4317169";"C.C. Buenavista L-44 Santa Marta, Colombia"
"ASADOS Y MUCHO MÁS";"asadosymuchomas@gmail.com";"Tel: (57) (5) 4317169";"C.C. Buenavista L-44 Santa Marta, Colombia"
"HASHIKO MULTISERVICIOS";"mhescobar100@yahoo.com";"Tel: (57) (1) 8054292";"Cr30 2244 L-13 Bogotá, Colombia"
"Maquinas de Coser Ramón Alfonso Singer";"ramonalfonsosinger@hotmail.com";"Cel.: (57) 3128714754";"Bogotá Bogotá, Colombia"
"Agro Decoración";"ventas@agrodecoracion.com";"Tel: (57) (1) 6873661";"Cr123 B 128-41 Bogotá, Colombia"
"ECO STEAM EXPRESS";"";"Cel.: (57) 3229010771";"Cl 11 AN # 5 – 84 Cúcuta, Colombia"
"Eficaz Domicilios";"eficaz.domicilios@yahoo.es";"Tel: (57) (8) 7623957";"Cl 15 19-08 Esq Duitama, Colombia"
"CORATIENDAS CODABAS";"coratiendasmec@hotmail.com";"Tel: (57) (1) 6749220";"Cr7 180-75 Modulo 4 1 22 Bogotá, Colombia"
"COCTELES PAULINA";"coctelespaulina@gmail.com";"Cel.: (57) 3202493995";"Cl 145 19-69 Ap 401 Bogotá, Colombia"
"FERRETERIA REGADERO";"noerojas2000@gmail.com";"Tel: (57) (7) 6403321";"Cr25 1 N-21 Bucaramanga, Colombia"
"MARIACHI TEXAS MEDELLIN WILMAR SEPULVEDA";"marcelayepea@gmail.com";"Tel: (57) (4) 5057667";"Calle 76 No. 31 - 23 Manrique Oriental Medellín, Colombia"
"COCINA CHINA JIN WAH";"jinwah@hotmail.com";"Tel: (57) (4) 4115733";"Cl 33 76-19 Medellín, Colombia"
"MARIACHI MI BENDITA TIERRA";"leticiaavendano33@gmail.com";"Cel.: (57) 3014069897";"Cr54 74-66 Bogotá, Colombia"
"ALMACÉN SUPERVIDRIOS LA 18";"supervidriosla18@hotmail.com";"Tel: (57) (6) 8730444";"Cl 18 # 16-48 Manizales, Colombia"
"Tubulares y Colchones La Oriental";"tubularesycolchoneslaoriental@hotmail.co";"Cel.: (57) 3146930283";"Cr46 57-37 Medellín, Colombia"
"El Bizcochuelo S.A.S.";"mercadeo@cjbakerysa.com";"Tel: (57) (4) 4449105";"Cr51 73-98 Medellín, Colombia"
"Quindiaceros";"quindiaceros@hotmail.com";"Tel: (57) (6) 7472183";"Cr18 # 29-53 Armenia, Colombia"
"Profesor Jorge Cardona Ing industrial";"jorgecardonacadavid@hotmail.com";"Cel.: (57) 3206212041";"Cl 15 35-47 Cali, Colombia"
"Ac Relojeria Calvo";"relojeriacalvo@yahoo.com";"Tel: (57) (1) 3154250620";"Cr53 C 134-70 Bogotá, Colombia"
"DOMICILIOS Y MENSAJERÍA AL INSTANTE";"alinstanteenlinea@gmail.com";"Tel: (57) (6) 8905381";"Cr 20B  65A - 52 Cerca al Cable Manizales, Colombia"
"ALAMBIQUE 24 HORAS - SIEMPRE PENSANDO EN USTED$";"almbiqueinte@hotmail.es";"Tel: (57) (7) 6914745";"BL 6-5 AP 102 Edif. Bucarica Bucaramanga, Colombia"
"FAJATEX";"contacto@fajatex.com";"Tel: (57) (6) 3172211";"Av Circunvalar 9 04 Pereira, Colombia"
"LAVASECO SUPRATEX";"lavasecosupratex@hotmail.com";"Tel: (57) (1) 3784138";"Cl 161 19-24 Bogotá, Colombia"
"EL MUNDO DE LA JUGUETERÍA";"samueleventos89@gmail.com";"Cel.: (57) 3184577679";"Cr7 10-31 Piedecuesta, Colombia"
"Pizza Loca";"pizzaloca2003@hotmail.com";"";"Cr43 B 70 S-48 Sabaneta Medellín, Colombia"
"CÁRDENAS ELECTRICISTAS 24H";"hectorcardenasd@hotmail.com";"Tel: (57) (1) 4870703";"Cl 165 55 A-81 Bogotá, Colombia"
"ENCUENTROS ANDREA";"lpretelt@gmail.com";"Cel.: (57) 3208462886";"Bogotá Bogotá, Colombia"
"Wakame Restaurante";"comunicacionesmistura@gmail.com";"Tel: (57) (4) 2663203";"Cl 18 35-69 Local 242 Medellín, Colombia"
"RESTAURANTE DRAGÓN CHINO DE BELLO";"calichenino@hotmail.com";"Tel: (57) (4) 4448712";"Cr52 50 A-12 Bello, Colombia"
"ALMACÉN AGROCULTIVOS";"agrocultivo1@hotmail.com";"Tel: (57) (6) 3338006";"Cr 10 8-71 Pereira, Colombia"
"PIZZERIA HAWAII";"hawaiilospelaos@hotmail.com";"Tel: (57) (6) 3260043";"Av. 30 De Agosto 34 38 Multifamiliar Las Garzas L 39 Pereira, Colombia"
"OLIVA MEDITERRANEA";"tamayoricardo@hotmail.com";"Cel.: (57) 3105796030";"Unicentro L-329-330 Villavicencio, Colombia"
"SPA HOLISTICO RIOHACHA";"luzmariapabon@hotmail.com";"Cel.: (57) 3177228280";"CLL 13 B # 23-08 Riohacha, Colombia"
"A SU ROPA LAVANDERÍA - TINTORERÍA Y DOTACIONES";"";"Tel: (57) (7) 6975150";"cll 64 5 w 25 Mutis Bucaramanga, Colombia"
"DAN PRATT PIZZA";"nelsondaza15@hotmail.com";"Tel: (57) (5) 5745375";"Cr12 13 C-52 Valledupar, Colombia"
"MAX REFRIGERACIÓN";"nelsonboada2010@hotmail.com";"Cel.: (57) 3172206387";"CRA 8 8-16 Buga, Colombia"
"La Exquisita";"l_exquisita@hotmail.com";"Tel: (57) (6) 3260737";"Cl 28 Cr6 Esq Pereira, Colombia"
"MANDADOS BOGOTA";"mandadosbogota@gmail.com";"Tel: (57) (1) 5448291";"Cl 69 A 71-69 Bogotá, Colombia"
"CONSULTAC BUCARAMANGA";"colsultac.bucaramanga@gmail.com";"Cel.: (57) 3017821212";"Carrera 26 # 40A - 42 Bucaramanga, Colombia"
"TIPIS FRUT";"makroventasdelhuila@gmail.com";"Tel: (57) (8) 8640228";"Cr12 3 A-75 Neiva, Colombia"
"CROCALITAS";"crocalitas@gmail.com";"Cel.: (57) 3175366330";"Carrera 18ª # 1- 31 Tuluá, Colombia"
"CROCALITAS";"crocalitas@gmail.com";"Cel.: (57) 3175366330";"Carrera 18ª # 1- 31 Tuluá, Colombia"
"DOMICILIOS CORRECAMINOS BIB";"yefersondomicilios@gmail.com";"Cel.: (57) 3182392915";"Cr3 79-190 Ibagué, Colombia"
"RESTAURANTE JAPONÉS HIGASHIHANA TEPPANYAKI";"armandomoreno812@gmail.com";"Cel.: (57) 3114835384";"Cr5 N 14-63 Cota, Colombia"
"AB Vidrios y Espejos 24 Horas";"vidriosyespejos24horas@gmail.com";"Tel: (57) (1) 5331805";"Cl 86 A 49 C-09 Bogotá, Colombia"
"CERRAJERIA LA 22";"cerrajeria_la22@hotmail.com";"Tel: (57) (5) 4211642";"Cl 22 3-55 Centro Santa Marta, Colombia"
"Mensajería La Veloz";"mensajerialaveloz@gmail.com";"Cel.: (57) 3218980994";"Cr11 A 12-66 Valledupar, Colombia"
"Uniplast Medellín";"uniplastmed@hotmail.com";"Tel: (57) (4) 2369833";"Cl 90 50 D-06 Medellín, Colombia"
"Agas Cocinas Industriales";"agascocinasindus@yahoo.es";"Tel: (57) (1) 7243776";"Av.Boyacá 39 A-29 Sur Bogotá, Colombia"
"Mundo del Perro";"mundodelperro@hotmail.com";"Tel: (57) (6) 3303690";"Cl 8 22-64 Pereira, Colombia"
"Restaurante Marco's";"riosol34@hotmail.com";"Tel: (57) (8) 8742000";"Av26 28-03 Las Granjas Neiva, Colombia"
"ESCORT NEIVA BELLAS ACOMPAÑANTES";"bellascolegialas@gmail.com";"Cel.: (57) 3165328645";"Neiva Neiva, Colombia"
"RESTAURANTE CANTON CHINA";"servicioalcliente@cantonchina.com";"Tel: (57) (2) 3046715";"Cl 44 5-13 Cali, Colombia"
"Academia de Yoga Satyananda";"colombia@satyananda-yoga.net";"Tel: (57) (1) 6911779";"Cr19 A 84-37 Bogotá, Colombia"
"MENSAJERIA RAPIDSEG";"mensajeriarapiseg@hotmail.com";"Tel: (57) (7) 2445202";"Cr15 104-19 Brr. Delicias Altas Bucaramanga, Colombia"
"Restaurante Chino Dragon De Jade";"restaurantechinodejade@hotmail.com";"Tel: (57) (4) 2606056";"Cl 50 74-85 Medellín, Colombia"
"ESTANQUILLO VELASQUEZ CLUB";"ramivelasquez23@gmail.com";"Tel: (57) (8) 2764141";"Cr3 3-58 Brr. La Pola Ibagué, Colombia"
"Dra Maritza Puello Del Rio";"maypuello@hotmail.com";"Tel: (57) (5) 6638314";"Cr 27 # 29 - 34 Cartagena, Colombia"
"Servicio Integral de Plomeros";"";"Tel: (57) (6) 3329824";"Rocío Alto Casa 196 Pereira, Colombia"
"Llaves Special Keys";"specialkeys.jhon@gmail.com";"Tel: (57) (4) 2321700";"Cr52 57-08 Medellín, Colombia"
"Mi Pollo S.A.S";"gerentefinanciero@mipollo.com.co";"Cel.: (57) 3113344529";"Km 2 Vía al Caimo Armenia, Colombia"
"Mi Pollo S.A.S";"gerentefinanciero@mipollo.com.co";"Cel.: (57) 3113344529";"Km 2 Vía al Caimo Armenia, Colombia"
"Domicilios Montería";"domimonteria@hotmail.com";"Tel: (57) (4) 7823340";"Cr13 36-47 Av Circunvalar Montería, Colombia"
"Llaves Special Keys";"specialkeys.jhon@gmail.com";"Tel: (57) (4) 2321700";"Cr52 57-08 Medellín, Colombia"
"Cigarreria La Gran Manzana";"lagranmanzana@hotmail.com";"Cel.: (57) 3105660235";"Cr7 88-12 Bogotá, Colombia"
"GOMEZ GUTIERREZ RICARDO";"";"Tel: (57) (5) 4348247";"Cl 29 19 C-112 Perehuetano Santa Marta, Colombia"
"RESTAURANTE DONDE AMALIA";"amalia.sas@hotmail.com";"Tel: (57) (5) 4224278";"Cr3 6-27 El Rodadero Santa Marta, Colombia"
"Brilladora y Lavandería de Muebles Monterrey";"paulinohurtado@hotmail.com";"Cel.: (57) 3233700097";". Cali, Colombia"
"RESTAURANTE PIQUEO";"comunicacionespiqueo@gmail.com";"Tel: (57) (4) 2682933";"Cr35 10 B-50 Medellín, Colombia"
"Distribuciones y Suministros Cartagena";"dyscartagena@hotmail.com";"Tel: (57) (5) 6533389";"Manz 5 Lt 10 L-2 Cartagena, Colombia"
"Servicio Integral de Plomeros";"";"Tel: (57) (6) 3329824";"Rocío Alto Casa 196 Pereira, Colombia"
"COMPRAVENTA DON JULIO";"maruby-61@live.com";"Tel: (57) (1) 8001829";"Cr14 A 59- 75 Bogotá, Colombia"
"LLAVES EL MOCHO";"luzpy_@hotmail.com";"Tel: (57) (6) 3373096";"Cl 71 24 B-08 Cuba Pereira, Colombia"
"CENTRAL DE CARNES LA SORPRESA";"";"Tel: (57) (6) 3454553";"Cl 72 23 B-01 Pereira, Colombia"
"Drogueria Agape";"yustincar@hotmail.com";"Tel: (57) (7) 6828400";"Cl 103 31-99 Diamante I Bucaramanga, Colombia"
"MOVILAVA";"dmangel25@hotmail.com";"Cel.: (57) 3166927367";"Cr75 A 9 A-29 Medellín, Colombia"
"HELADOS GOLOSO";"nuriaspalleja@hotmail.com";"Tel: (57) (6) 3266108";"Cr7 34-37 Pereira, Colombia"
"Almacen Vidrieria la Sultana";"luditgo3@hotmail.com";"Tel: (57) (6) 8869040";"Cl 67 11-37 P 1 LA SULTANA Manizales, Colombia"
"El Mercado Rionegro";"elmercadoltda@yahoo.es";"Tel: (57) (4) 5319229";"Cl 38 59-156 Medellín, Colombia"
"EL DOMICILIO - QUIERO CLIENTES";"eldomicilio24hrs@gmail.com";"Cel.: (57) 3185201024";"Cr11 42-53 Ibagué, Colombia"
"Link Computer";"wsclinkcomputer@hotmail.com";"Tel: (57) (6) 3243965";"Cr8 20-67 L-102 Pereira, Colombia"
"DROGUERIA DEL NORTE";"";"Tel: (57) (4) 6730178";"Centro Cr7 35-54 L-101 Pasaje Badillo Quibdó, Colombia"
"Domicilios Montería";"domimonteria@hotmail.com";"Tel: (57) (4) 7823340";"Cr13 36-47 Av Circunvalar Montería, Colombia"
"NETEGGS SAS La Red Comercializadora de Huevos Sas";"laredneteggscomercializadora@gmail.com";"Tel: (57) (1) 4562778";"Cl 76 D 110-34 Int 201 Bogotá, Colombia"
"Licorera Los Paisas";"lospaisaslicores@hotmail.com";"Tel: (57) (2) 4415918";"Cl 44 14-62 Cali, Colombia"
"El Mercado Rionegro";"elmercadoltda@yahoo.es";"Tel: (57) (4) 5319229";"Cl 38 59-156 Medellín, Colombia"
"BRASAS Y LEÑAS";"ajulianagonzalez@hotmail.com";"Tel: (57) (7) 6561436";"Cr4 2 A-12 Piedecuesta, Colombia"
"Drogueria Agape";"yustincar@hotmail.com";"Tel: (57) (7) 6828400";"Cl 103 31-99 Diamante I Bucaramanga, Colombia"
"Almacen Vidrieria la Sultana";"luditgo3@hotmail.com";"Tel: (57) (6) 8869040";"Cl 67 11-37 P 1 LA SULTANA Manizales, Colombia"
"RESTAURANTE DONDE AMALIA";"amalia.sas@hotmail.com";"Tel: (57) (5) 4224278";"Cr3 6-27 El Rodadero Santa Marta, Colombia"
"COMPRAVENTA DON JULIO";"maruby-61@live.com";"Tel: (57) (1) 8001829";"Cr14 A 59- 75 Bogotá, Colombia"
"RESTAURANTE PIQUEO";"comunicacionespiqueo@gmail.com";"Tel: (57) (4) 2682933";"Cr35 10 B-50 Medellín, Colombia"
"Domicilios D'Una";"";"Tel: (57) (7) 5830209";"Cl 7 A 3-62 Latino Cúcuta, Colombia"
"Gestión Integral del Cuidado Ltda.";"";"Tel: (57) (5) 6719589";"Cl 31 58-38 Consult 408 Cartagena, Colombia"
"Domicilios Daniel Messi";"";"";"Cl 21A 4-12 La Cabrera Cúcuta, Colombia"
"Servicio a Domicilio RK";"";"";"Cl 22 N 4-06 L 2 Urb Tasajero Cúcuta, Colombia"
"ANTIOQUEÑA DE QUIMICOS";"comprasanq@gmail.com";"Tel: (57) (4) 4480133";"Cr55 58-26 Medellín, Colombia"
"Ciacomeq S.A.S.";"gerencia@ciacomegltda.com";"Tel: (57) (1) 2900093";"Carrera 63 5A 85 Bogotá, Colombia"
"TECNIPISCINAS HERNÁNDEZ S.A.S";"ventas@tecnipiscinas.com.co";"Cel.: (57) 3168925109";"Cr27 104-35 L 7 La Calleja Bucaramanga, Colombia"
"Aquatech Pools Colombia S.A.S.";"aquatechpoolscolombia@gmail.com";"Cel.: (57) 3138852261";"Cr15 91-30 P 4 Bogotá, Colombia"
"CALIPISCINAS S.A.S.";"calipiscinas2008@yahoo.es";"PBX: (57) (2) 3308859";"Cl 6 73-30 L-3 Cali, Colombia"
"SUMICOLOR S.A.";"sumicolor@sumicolor.com.co";"Tel: (57) (1) 4165368";"Cr69 25 B-44 Of 807 Bogotá, Colombia"
"Piscinas del Café S.A.S.";"ventas@piscinasdelcafepereira.com";"Tel: (57) (6) 3172700";"Atiende Desde Su Sede Principal en Pereira Armenia, Colombia"
"PROYECTAR PISCINAS Y SPA";"ventas@piscinasproyectar.com";"Cel.: (57) 3122507477";"Av Las Américas 50 -03 Of 4 Pereira, Colombia"
"Prodeysa Ltda";"prodeysa@une.net.co";"Tel: (57) (4) 2703333";"Cl 38 S 46-01 Envigado Medellín, Colombia"
"Ingeniería Piscinas y Jacuzzis";"piscinasyjacuzzis@gmail.com";"Tel: (57) (1) 7270093";"Carrera 29 No. 29 A – 46 Sur  Piso 4 Bogotá, Colombia"
"PISCELEC";"miguelniebles@gmail.com";"Cel.: (57) 3202892904";"Cr72 P 40 H -40 S casa 59 Timiza Bogotá, Colombia"
"MULTIQUIMICOS";"ventas@multiquimicos.com";"Tel: (57) (7) 6321672";"Calle 45 # 25 03 Bucaramanga, Colombia"
"ALMACEN DE FILTROS Y PURIFICADORES DE AGUA";"filtroozonodelcaribe@hotmail.es";"Cel.: (57) 3043486643";"Cr5 5-53 Bocagrande Cartagena, Colombia"
"QUIMI ASEO";"quimiaseoyesencias@hotmail.com";"Tel: (57) (6) 3355299";"Cr7 13-20 Parque La Libertad Pereira, Colombia"
"Pluriquímica";"pluriquimica@hotmail.com";"Tel: (57) (4) 4112025";"Cr73 44 A-07 Of 301 Medellín, Colombia"
"ALMACÉN AGROCULTIVOS";"agrocultivo1@hotmail.com";"Tel: (57) (6) 3338006";"Cr 10 8-71 Pereira, Colombia"
"Interquímicos";"interquimicos@hotmail.com";"Tel: (57) (7) 6342730";"Cr23 33-13 Bucaramanga, Colombia"
"AGUA AZUL JACUZZIS Y PISCINAS";"aguaazulsangil@hotmail.com";"Cel.: (57) 3108769152";"Av Santander Cr17 26-87 San Gil, Colombia"
"MULTIQUIMICOS";"multiquimicos@hotmail.com";"Tel: (57) (6) 7411783";"Cl 21 19-45 Armenia, Colombia"
"Distripiscinas S.A.S";"distripiscinas@yahoo.es";"Cel.: (57) 3207275858";"Cl 6 73-30 L-1 Cali, Colombia"
"Comorse Piscinas";"piscinasehidromasajes@gmail.com";"Cel.: (57) 3174004078";"Cr81 42-67 Medellín, Colombia"
"Vivero Produplantas";"olivadelcarmensarmiento@hotmail.es";"Cel.: (57) 3114954844";"Cr  65 No. 175 - 64 Bogotá, Colombia"
"VIVERO - LA PALMA";"vivero-lapalma@hotmail.com";"Tel: (57) (4) 3428546";"Cl 28 80 A-32 Medellín, Colombia"
"Ecoexteriores Ltda.";"asavig@ecoexteriores.com";"Cel.: (57) 3003100553";"Cr61 B 72-86 Barranquilla, Colombia"
"Exteriores Tropicales";"julieta@exteriorestropicales.com.co";"Cel.: (57) 3168761117";". Cali, Colombia"
"ARASOLES RED AMBIENTAL, VIVERO, CERCAS ELÉCTRICAS, FUMIGACIÓN, ENERGÍA SOLAR";"gerencia@arasoles.org";"Tel: (57) (4) 3070609";"Cr68 64S-33 Vereda San José Medellín, Colombia"
"RESTAURANTE LOS NOVIOS";"viverolosnovios@hotmail.com";"Tel: (57) (7) 6915220";"Anillo Vía Girón 23-41 Bucaramanga, Colombia"
"ECO VIVERO MUNDO NATURAL";"ecovivero.mundo.natural@hotmail.com";"Cel.: (57) 3122595128";"Av. Cañasgordas Cl La Viga Esq Cali, Colombia"
"VIVERO MARINELA S.A.S";"info@viveromarinela.com";"Cel.: (57) 3182824881";"Km 1 Variante Recta Cali Palmira Cali, Colombia"
"Agro Decoración";"ventas@agrodecoracion.com";"Tel: (57) (1) 6873661";"Cr123 B 128-41 Bogotá, Colombia"
"VERDEFLORA S.A.S";"infoverdeflora@verdeflora.co";"Cel.: (57) 3176676203";"Cr1 Cl 38 A Esq Cali, Colombia"
"GRUPO TECNO S.A.S.";"";"Tel: (57) (1) 8067968";"Cr116 B 70 A-54 Trr 14 Of 102 Bogotá, Colombia"
"VIVERO FLORECER";"viveroflorecer@gmail.com";"Tel: (57) (4) 4124425";"Cl 33 82 A-16 La Castellana Medellín, Colombia"
"Vivero Cielo Roto";"tavodario@hotmail.com";"Tel: (57) (4) 2787071";"Cl 131 S 49-73 Caldas Medellín, Colombia"
"Supermercado Gaviria";"alvaro_zulu@hotmail.com";"Tel: (57) (2) 3355885";"Cl 23 31-31 Cali, Colombia"
"Super Fruver del Norte";"islabonita-linda@hotmail.com";"Cel.: (57) 3184202164";"Cr16 22 A-15 Buga, Colombia"
"Vivero y Restaurante la Pradera";"";"Tel: (57) (4) 4676186";"Autopista Vieja Carretera Hatillo-Barbosa Km4 Medellín, Colombia"
"Vivero Tierra Negra S.A.S.";"ventas@viverotierranegra.com";"Tel: (57) (4) 5420844";"Cl 7 D 43 A-15 Medellín, Colombia"
"FKR";"fkr1972frank@gmail.com";"Cel.: (57) 3004858009";"Cl 11 14-155 Barranquilla, Colombia"
"NORELLA IBARGUEN PALACIOS";"c.norella@hotmail.com";"Cel.: (57) 3133951180";"Cl 42 G S 97 D-05 Bogotá, Colombia"
"Franvelrm Restaurante Bar";"frenvelbar2015@outlook.com";"Tel: (57) (8) 2700512";"Calle 42 4M-13 Ibagué, Colombia"
"HAESI LISETH RODRIGUEZ CANTOR";"heliroca@hotmail.com";"Cel.: (57) 3115103416";"Diagonal 40 34-23 sur Bogotá, Colombia"
"JOHAN MIGUEL GUERRRO LOPEZ";"johanm.guerrero@gmail.com";"Cel.: (57) 3187825940";"Cr4 Norte 83 A-20 Cali, Colombia"
"CLAUDIA PATRICIA CÁRCAMO ALZATE";"ccarcamo33@gmail.com";"Cel.: (57) 3122576166";"Av 3 Norte 40 N-189 Cali, Colombia"
"VICTOR HUGO CAMPO ARIAS";"amon_dey@hotmail.com";"Tel: (57) (6) 8802821";"Cl 22 19-43 Manizales, Colombia"
"WILMER BERMUDEZ OSORIO";"";"Cel.: (57) 3228897737";"Cr16 21-41 Bogotá, Colombia"
"Serviciotecnico323";"johnjairorendon77@hotmail.com";"Tel: (57) (7) 6853054";"Cl 33 18-36 L 323 Bucaramanga, Colombia"
"Restaurante Donde Mono";"";"Tel: (57) (5) 3096068";"Cl 2 6-40 Barranquilla, Colombia"
"Fundación la Cueva";"";"Tel: (57) (5) 3790342";"Cr43 59-03 Barranquilla, Colombia"
"Arana Express";"";"Tel: (57) (5) 3604959";"Cl 78 B 38-06 Barranquilla, Colombia"
"All Colors S.A.S.";"allcolors.sas@gmail.com";"Cel.: (57) 3128380896";"Cr74 43-09 Medellín, Colombia"
"Comtecol S.A.S.";"servicio@comtecol.com";"Tel: (57) (1) 2874200";"Cr7 33-29 Of 1702 Bogotá, Colombia"
"Ensambles y Adornos";"servicioalcliente@ensamblesyadornos.com.co";"Tel: (57) (4) 4485068";"Cl 80 65-81 Medellín, Colombia"
"ANIMACIONES BLUE KIDS";"sbarbosa@mejia.com";"Tel: (57) (7) 6327373";". Bucaramanga, Colombia"
"Computoner";"computone@une.net.co";"Tel: (57) (4) 4447704";"Calle 41 77 - 41 Medellín, Colombia"
"MOZTU LASER";"paula.siza@hotmail.com";"Cel.: (57) 3003179666";"Cr7D 14-41 la candelaria piedecuesta Bucaramanga, Colombia"
"Brief Agencia Estratégica";"publicidad.brief@gmial.com";"Tel: (57) (4) 2660822";"Cr32 1 B-S 51 Of 613 Medellín, Colombia"
"POWER-AIR LTDA.";"";"Tel: (57) (1) 2614485";"Cr64 No. 3-90 Bogotá, Colombia"
"Ex-Aire Ltda";"exaireltda2000@hotmail.com";"Tel: (57) (1) 2614223";"Cr 66 4D 14 Bogotá, Colombia"
"Guardaplast";"guardaplast2006@hotmail.com";"Tel: (57) (5) 6566669";"Av Pedro de Heredia Cl 32-18 B 166 Espinal Cartagena, Colombia"
"AVISOS LUMINOSOS PUBLIAVISOS CALI S.A.S.";"publiavisoscali@gmail.com";"Tel: (57) (2) 3881243";"Cl 22 4-54 Cali, Colombia"
"Publiavisos Cali S.A.S.";"publiavisoscali@gmail.com";"Tel: (57) (2) 3881243";"Cl 22 4-54 Cali, Colombia"
"Carpintera Alsanvall";"carpinterialsanvall@hotmail.com";"Tel: (57) (4) 3735758";"Cra 52 D # 72-98 Itagüi Medellín, Colombia"
"ALMACEN MEREQUETENGUE";"ventas@merequetenguecali.com";"Tel: (57) (2) 8933377";"Cr2 Oe 2-73 Cali, Colombia"
"Cacharrería Bombay S.A.";"bombay@bombay.com.co";"Tel: (57) (4) 5146500";"Cl 47 52-25 Medellín, Colombia"
"FICHA TECNICA";"info@sacpaginasamarillas.com";"Tel: (57) (1) 6465555 Ext. 16855";"Av68 75 A-50 P-2 Bogotá, Colombia"
"LÓPEZ CARLOS ALBERTO";"";"Tel: (57) (2) 3372702";"Cr46 A 14-145 Cali, Colombia"
"Almacenes Vea";"";"Tel: (57) (6) 8803658";"Cr23 28-58 Manizales, Colombia"
"Almacén Electrolux";"";"Tel: (57) (8) 8711273";"Cr3 10-03 Neiva, Colombia"
"Fábrica de Ventiladores y Separadores Sep Ven Ltda.";"";"Tel: (57) (1) 4243795";"Cr80 B 11 D-69 Bogotá, Colombia"
"Comercializadora Milen";"";"Tel: (57) (2) 8801687";"Cr5 16-28 Cali, Colombia"
"Almacenes Vea";"";"Tel: (57) (6) 8803658";"Cr23 28-58 Manizales, Colombia"
"Lulo Dsgn S.A.S.";"";"Tel: (57) (1) 2370880";"Cr53 104 B - 48 Ap 603 Bogotá, Colombia"
"LA CASA DEL VENTILADOR";"";"Tel: (57) (8) 2635970";"Cr3 16-51 C.C.Sanandréxitos Ibagué, Colombia"
"ALMACÉN Y TALLER LA CASA DEL VENTILADOR";"";"Tel: (57) (1) 8351135";"Cl 18 9-78 Girardot, Colombia"
"El Mundo del Ventilador";"";"Cel.: (57) 314380157";"Cl 14 8-36 Centro Girardot, Colombia"
"Almacén Monserrate";"";"Tel: (57) (4) 2313669";"Cl 46 51 A-26 L 440-A Medellín, Colombia"
"LÓPEZ CARLOS ALBERTO";"";"Tel: (57) (2) 3372702";"Cr46 A 14-145 Cali, Colombia"
"Ventilación Industrial";"";"Cel.: (57) 3102035246";"Cl 9   S 34-12 Bogotá, Colombia"
"Bonna Brisa Ventiladores Refigerantes";"";"Tel: (57) (5) 3095318";"Cl3 14-153 Barranquilla, Colombia"
"VENTILACIÓN INDUSTRIAL Y CÍA.";"";"Tel: (57) (1) 3513027";"Cl 9 S 34-12 Bogotá, Colombia"
"Semapi Ltda.";"";"Tel: (57) (5) 3788848";"Vía 40 82-39 Barranquilla, Colombia"
"Almacén Bruselas";"";"Tel: (57) (4) 5116693";"Cl 46 51 A-26 L-418 Medellín, Colombia"
"Abc Ventilación";"";"Tel: (57) (1) 4072494";"Cr34 1 A-29 Bogotá, Colombia"
"VENTILADORES LOPEZ";"";"Cel.: (57) 3105723525";"Cr13 24-76 Girardot Bucaramanga, Colombia"
"COMTECOL LTDA";"";"Tel: (57) (1) 2874200";"Cr 7 33-29 Of 1702 Bogotá, Colombia"
"Mecanizados Industriales Mair S.A.S.";"";"Tel: (57) (1) 2710315";"Cl 31 S 69-22 Bogotá, Colombia"
"ALMACÉN SERVI VENTILADORES";"";"Tel: (57) (1) 8315349";"Cl 18 9-58 Girardot, Colombia"
"Almacén Electrolux";"";"Tel: (57) (8) 8711273";"Cr3 10-03 Neiva, Colombia"
"Taller Industrial Marbet";"";"Tel: (57) (4) 2654689";"Cr65 D 24-91 Medellín, Colombia"
"Distribuidora Muebles del Sur";"";"Tel: (57) (8) 4355044";"Cr14 Cl 15 Esq 13-81 Florencia, Colombia"
"Aire Superior SAS";"";"Tel: (57) (1) 6129939";"Cr11 D 123-41 Of 206 Bogotá, Colombia"
"VENTILACIÓN INDUSTRIAL Y CÍA.";"";"Tel: (57) (1) 3513027";"Cl 9 S 34-12 Bogotá, Colombia"
"Ventiladores Diana";"";"Tel: (57) (1) 3706683";"Cl 8 A 37 A-43 L-201 Bogotá, Colombia"
"Aire Acondicionado America";"";"Tel: (57) (1) 4944070";"Cl 42 B Sur No-85 -10 Bogotá, Colombia"
"Tecnovientos";"";"Tel: (57) (1) 5360343";"Cr68 F 21-71 S P 2 Bogotá, Colombia"
"Airetécnica S.A.";"";"Tel: (57) (2) 6905090";"Cr31 10-118 Arroyohondo-Yumbo Cali, Colombia"
"Servilicuadoras y Ventiladores";"";"Tel: (57) (1) 8351146";"Cl 18 9-68 Girardot, Colombia"
"Abc Ventilación";"";"Tel: (57) (1) 4072494";"Cr34 1 A-29 Bogotá, Colombia"
"Tiburon";"";"Tel: (57) (4) 2302229";"Cl 52 73 -127 Ap 1496 Medellín, Colombia"
"Semapi Ltda.";"";"Tel: (57) (5) 3788848";"Vía 40 82-39 Barranquilla, Colombia"
"Mundial de Vibraciones S.A.S";"";"Tel: (57) (4) 2352062";"Cl 29 C 54-16 Medellín, Colombia"
"Ventiladores Jaime Bautista.";"";"Tel: (57) (1) 3339662";"Cr18 1 D-42 Bogotá, Colombia"
"Solo Bombas";"";"Tel: (57) (2) 8235529";"Cl 1 N 8-53 Popayán, Colombia"
"Gira Fríos";"";"Tel: (57) (1) 8310827";"Cr10 20-51 Girardot, Colombia"
"Bonna Brisa Ventiladores Refigerantes";"";"Tel: (57) (5) 3095318";"Cl3 14-153 Barranquilla, Colombia"
"Abc Extractores";"";"Tel: (57) (1) 2655404";"Cl 35 A S 91-29 Bogotá, Colombia"
"Almacenes Vea";"";"Tel: (57) (6) 8803658";"Cr23 28-58 Manizales, Colombia"
"COMTECOL LTDA";"";"Tel: (57) (1) 2874200";"Cr 7 33-29 Of 1702 Bogotá, Colombia"
"VENTILADORES LOPEZ";"";"Cel.: (57) 3105723525";"Cr13 24-76 Girardot Bucaramanga, Colombia"
"Airetécnica S.A.";"";"Tel: (57) (2) 6905090";"Cr31 10-118 Arroyohondo-Yumbo Cali, Colombia"
"Taller Industrial Marbet";"";"Tel: (57) (4) 2654689";"Cr65 D 24-91 Medellín, Colombia"
"Bonna Brisa Ventiladores Refigerantes";"";"Tel: (57) (5) 3095318";"Cl3 14-153 Barranquilla, Colombia"
"BAUTISTA JAIME";"";"Tel: (57) (1) 2252964";"Cr50 78 A-10 Bogotá, Colombia"
"VENTILADORES LOPEZ";"";"Cel.: (57) 3105723525";"Cr13 24-76 Girardot Bucaramanga, Colombia"
"Extractores de Aire y Acrílicos";"";"Tel: (57) (4) 4138140";"Cl 31 A 81-63 Medellín, Colombia"
"VENTILACIÓN INDUSTRIAL Y CÍA.";"";"Tel: (57) (1) 3513027";"Cl 9 S 34-12 Bogotá, Colombia"
"Industrias Moreno y Moreno Ltda.";"";"Tel: (57) (1) 2994439";"Cr 86 34A-46 S Bogotá, Colombia"
"Igh Facove C.I. Ltda";"";"Tel: (57) (1) 3702395";"Tr 42 5 B - 98 Bogotá, Colombia"
"Agua Fan S.A.S.";"";"Tel: (57) (1) 7580346";"Cl 136 45 A-07 Of 401 Bogotá, Colombia"
"SUMISTAR DE COLOMBIA";"";"Tel: (57) (1) 2278774";"Cra 17 73-01 of 205 Bogotá, Colombia"
"ASIA LOGISTIC LTDA.";"";"Tel: (57) (5) 3532427";"Vía 40 71-197 Barranquilla, Colombia"
"A y J Transmisiones y Equipos S.A.S.";"info@ajtransmisiones.com";"Tel: (57) (4) 4481899";"Cl 29 C # 56 - 91 Medellín, Colombia"
"BANDAS TRANSPORTADORAS AYJ TRANSMISIONES Y EQUIPOS S.A.S.";"info@ajtransmisiones.com";"Tel: (57) (4) 4481899";"Cl 29C # 56-91 Medellín, Colombia"
"DROGUERIA MERCALDAS";"cearistizabal@mercaldas.com.co";"Tel: (57) (6) 8879020 Ext. 1126";"Cr 22 No 17 - 11 Centro Manizales, Colombia"
"Mercaldas";"jgomez@mercaldas.com.co";"Tel: (57) (6) 8879020 Ext. 1127";"Cr 22 No 17 - 11 Centro Manizales, Colombia"
"LA CARETA";"granerolacareta@hotmail.com";"Tel: (57) (4) 2663032";"Cl 44 A 69 A-36 Medellín, Colombia"
"Premoldeados S.A.S.";"comercial@premoldeados.com.co";"Tel: (57) (2) 4359140";"Km 3 Vía Cali-Cavasa Cali, Colombia"
"DISTRIALIMENTOS";"distrialimentos2010@gmail.com";"Cel.: (57) 3148636853";"Cr14 5-25 Santa Marta, Colombia"
"COLOMBIA COLLEGE";"rectoria@collegedecolombia.edu.co";"Tel: (57) (7) 6202220";"cL 57 27-107 Barrancabermeja, Colombia"
"Casa Mettler";"gerencia@mettler.pasto.com";"Tel: (57) (2) 7235150";"Cl 20 23-28 Pasto, Colombia"
"DIS. LICORES JAIRO SALDARRIAGA";"jaisal@une.net.co";"Tel: (57) (4) 2850107";"Central Mayorista B-5 L-1 Medellín, Colombia"
"Cigarrería y Confitería Ynnaf";"licodulces@hotmail.com";"Tel: (57) (4) 2779012";"Cr51 48-68 Itagui Medellín, Colombia"
"Alhelí Cocinas y Baños";"info@alheli.com";"Tel: (57) (4) 4447553";"Cr42 75-83 Int 218 ItagÏí Itagüí, Colombia"
"ASADOS A DOMICILIO ALFREDO CARNES PARRILLA";"alfredocarnesq@hotmail.com";"Tel: (57) (4) 4831049";"Dg58 48-41 Bello. Medellín, Colombia"
"Empaquetados El Trece S.A.S.";"empaquetadoseltrece@une.net.c";"Tel: (57) (4) 4440613";"Cl 78 46-113 B 13 L 15 Itagui Medellín, Colombia"
"Carnes Frías Salamanca";"carnicoselcondado@yahoo.com";"Tel: (57) (4) 4445703";"Cl10 S 51-46 Medellín, Colombia"
"Supermercado Merkgusto";"sbernal.2502@hotmail.com";"Tel: (57) (7) 5745472";"Cl 4 AN 15 AE-85 San Eduardo Cúcuta, Colombia"
"CAVASA S.A.";"gerenciageneral@cavasa.com.co";"Tel: (57) (2) 4484015";"Km 11 Vía Cali Candelaria Cgto El Carmelo Cali, Colombia"
"Central De Abastecimientos Del Valle Del Cauca S.A. Cavasa S.A.";"gerenciageneral@cavasa.com.co";"Tel: (57) (2) 4484015";"Km 11 Vía Cali Candelaria Cgto El Carmelo Cali, Colombia"
"Ferrequipos";"ferrequipos.pereira@hotmail.com";"Tel: (57) (6) 3356933";"Cl 13 9-38 Pereira, Colombia"
"CORATIENDAS CODABAS";"coratiendasmec@hotmail.com";"Tel: (57) (1) 6749220";"Cr7 180-75 Modulo 4 1 22 Bogotá, Colombia"
"Comercializadora Parra Montoya";"cristianparramontoya@gmail.com";"Tel: (57) (2) 3362471";"Cl 26 B 46-12 Cali, Colombia"
"BADIA";"info@proimpo.co";"Tel: (57) (4) 4485774";"Cr50 76 S-101 Bdg 144 Stock S La Estrella Medellín, Colombia"
"SUPERMERCADO HUERTA CAJICA";"pedrohuertacajica@yahoo.es";"Tel: (57) (1) 6207969";"Cl 125 Bis 20-20 Bogotá, Colombia"
"SANTA ANA MARKET";"sedijogerencia@hotmail.com";"Tel: (57) (7) 5777258";"Av11 Este 7-49 Colsag Cúcuta, Colombia"
"Supermercado Punto y Fama";"mercadeopuntoyfama@gmail.com";"Tel: (57) (7) 5774085";"Cl 9 N 9 E-124 Guaimaral Cúcuta, Colombia"
"ALMACEN EL MIO Y CIA. LTDA.";"almacenelmio@proimde.com";"Tel: (57) (2) 2244493";"Cr22 27 A-04 Tuluá, Colombia"
"MERCAMAS DEL CARIBE";"mercamascaribe@hotmail.com";"Tel: (57) (8) 5126886";"Av Juan XXIII 4-108 San Andrés, Colombia"
"Puyo S.A.";"gerpu58@hotmail.com";"Tel: (57) (2) 7227676";"Cr43 12 A-23 Pasto, Colombia"
"RAPIMERQUE";"rapimerque@hotmail.com";"Tel: (57) (2) 3336500";"Cr105 15 A-53 Cali, Colombia"
"H y R Distribuciones S.A.";"hyr@une.net.co";"Tel: (57) (4) 4447746";"Cl 85 50 A-36 Itagüí, Colombia"
"Mazamorra la Antioqueña";"compucampo@une.net.co";"Tel: (57) (4) 2852385";"Cl 79 48-105 B 3 L 17 Central Mayorista Itag Medellín, Colombia"
"Vida Bella";"nelson.villalba@hotmail.com.co";"Cel.: (57) 3128244395";"Manga Cr18 A 19-55 Cj Sta Clara Cartagena, Colombia"
"DISTRIBUCIONES NENITA";"distribucionesnenita@hotmail.com";"Tel: (57) (1) 8350532";"Cl 12 8-16 Girardot, Colombia"
"Supermercado Surtimar";"surtimar@hotmail.com";"Tel: (57) (8) 5120919";"Av Las Américas Cl 4 5 B-27 San Andrés, Colombia"
"NJ Market";"nolyjaypomare@gmail.com";"Tel: (57) (8) 5132718";"Loma Mission Hill 25-95 San Andrés, Colombia"
"Trilladora Industrial";"trilladora.industrial@gmail.com";"Tel: (57) (8) 2613469";"Cr5 21-36 Ibagué, Colombia"
"TIPIS FRUT";"makroventasdelhuila@gmail.com";"Tel: (57) (8) 8640228";"Cr12 3 A-75 Neiva, Colombia"
"SUPERMERCADO EL TIGRE DE LA REBAJA";"tigre.rebaja.ch@hotmail.com";"Tel: (57) (2) 7299137";"Cl 18 14-28 Champagnat Pasto, Colombia"
"SUPERMERCADO LA CANASTA";"lacanastacucuta@hotmail.com";"Tel: (57) (7) 5753842";"Av3 E 3-12 Cúcuta, Colombia"
"FRUVER LA SABANA";"edison-2587@hotmail.com";"Cel.: (57) 3124463262";"Cr31 19-24 Neiva, Colombia"
"BANDAS TRANSPORTADORAS AYJ TRANSMISIONES Y EQUIPOS S.A.S.";"info@ajtransmisiones.com";"Tel: (57) (4) 4481899";"Cl 29C # 56-91 Medellín, Colombia";"Abarrotes"
"A y J Transmisiones y Equipos S.A.S.";"info@ajtransmisiones.com";"Tel: (57) (4) 4481899";"Cl 29 C # 56 - 91 Medellín, Colombia";"Abarrotes"
"DROGUERIA MERCALDAS";"cearistizabal@mercaldas.com.co";"Tel: (57) (6) 8879020 Ext. 1126";"Cr 22 No 17 - 11 Centro Manizales, Colombia";"Abarrotes"
"Mercaldas";"jgomez@mercaldas.com.co";"Tel: (57) (6) 8879020 Ext. 1127";"Cr 22 No 17 - 11 Centro Manizales, Colombia";"Abarrotes"
"LA CARETA";"granerolacareta@hotmail.com";"Tel: (57) (4) 2663032";"Cl 44 A 69 A-36 Medellín, Colombia";"Abarrotes"
"Premoldeados S.A.S.";"comercial@premoldeados.com.co";"Tel: (57) (2) 4359140";"Km 3 Vía Cali-Cavasa Cali, Colombia";"Abarrotes"
"DISTRIALIMENTOS";"distrialimentos2010@gmail.com";"Cel.: (57) 3148636853";"Cr14 5-25 Santa Marta, Colombia";"Abarrotes"
"COLOMBIA COLLEGE";"rectoria@collegedecolombia.edu.co";"Tel: (57) (7) 6202220";"cL 57 27-107 Barrancabermeja, Colombia";"Abarrotes"
"Casa Mettler";"gerencia@mettler.pasto.com";"Tel: (57) (2) 7235150";"Cl 20 23-28 Pasto, Colombia";"Abarrotes"
"DIS. LICORES JAIRO SALDARRIAGA";"jaisal@une.net.co";"Tel: (57) (4) 2850107";"Central Mayorista B-5 L-1 Medellín, Colombia";"Abarrotes"
"Cigarrería y Confitería Ynnaf";"licodulces@hotmail.com";"Tel: (57) (4) 2779012";"Cr51 48-68 Itagui Medellín, Colombia";"Abarrotes"
"Alhelí Cocinas y Baños";"info@alheli.com";"Tel: (57) (4) 4447553";"Cr42 75-83 Int 218 ItagÏí Itagüí, Colombia";"Abarrotes"
"ASADOS A DOMICILIO ALFREDO CARNES PARRILLA";"alfredocarnesq@hotmail.com";"Tel: (57) (4) 4831049";"Dg58 48-41 Bello. Medellín, Colombia";"Abarrotes"
"Empaquetados El Trece S.A.S.";"empaquetadoseltrece@une.net.c";"Tel: (57) (4) 4440613";"Cl 78 46-113 B 13 L 15 Itagui Medellín, Colombia";"Abarrotes"
"Carnes Frías Salamanca";"carnicoselcondado@yahoo.com";"Tel: (57) (4) 4445703";"Cl10 S 51-46 Medellín, Colombia";"Abarrotes"
"Supermercado Merkgusto";"sbernal.2502@hotmail.com";"Tel: (57) (7) 5745472";"Cl 4 AN 15 AE-85 San Eduardo Cúcuta, Colombia";"Abarrotes"
"Central De Abastecimientos Del Valle Del Cauca S.A. Cavasa S.A.";"gerenciageneral@cavasa.com.co";"Tel: (57) (2) 4484015";"Km 11 Vía Cali Candelaria Cgto El Carmelo Cali, Colombia";"Abarrotes"
"CAVASA S.A.";"gerenciageneral@cavasa.com.co";"Tel: (57) (2) 4484015";"Km 11 Vía Cali Candelaria Cgto El Carmelo Cali, Colombia";"Abarrotes"
"Ferrequipos";"ferrequipos.pereira@hotmail.com";"Tel: (57) (6) 3356933";"Cl 13 9-38 Pereira, Colombia";"Abarrotes"
"CORATIENDAS CODABAS";"coratiendasmec@hotmail.com";"Tel: (57) (1) 6749220";"Cr7 180-75 Modulo 4 1 22 Bogotá, Colombia";"Abarrotes"
"Comercializadora Parra Montoya";"cristianparramontoya@gmail.com";"Tel: (57) (2) 3362471";"Cl 26 B 46-12 Cali, Colombia";"Abarrotes"
"BADIA";"info@proimpo.co";"Tel: (57) (4) 4485774";"Cr50 76 S-101 Bdg 144 Stock S La Estrella Medellín, Colombia";"Abarrotes"
"SUPERMERCADO HUERTA CAJICA";"pedrohuertacajica@yahoo.es";"Tel: (57) (1) 6207969";"Cl 125 Bis 20-20 Bogotá, Colombia";"Abarrotes"
"Supermercado Punto y Fama";"mercadeopuntoyfama@gmail.com";"Tel: (57) (7) 5774085";"Cl 9 N 9 E-124 Guaimaral Cúcuta, Colombia";"Abarrotes"
"SANTA ANA MARKET";"sedijogerencia@hotmail.com";"Tel: (57) (7) 5777258";"Av11 Este 7-49 Colsag Cúcuta, Colombia";"Abarrotes"
"ALMACEN EL MIO Y CIA. LTDA.";"almacenelmio@proimde.com";"Tel: (57) (2) 2244493";"Cr22 27 A-04 Tuluá, Colombia";"Abarrotes"
"MERCAMAS DEL CARIBE";"mercamascaribe@hotmail.com";"Tel: (57) (8) 5126886";"Av Juan XXIII 4-108 San Andrés, Colombia";"Abarrotes"
"Puyo S.A.";"gerpu58@hotmail.com";"Tel: (57) (2) 7227676";"Cr43 12 A-23 Pasto, Colombia";"Abarrotes"
"RAPIMERQUE";"rapimerque@hotmail.com";"Tel: (57) (2) 3336500";"Cr105 15 A-53 Cali, Colombia";"Abarrotes"
"Mazamorra la Antioqueña";"compucampo@une.net.co";"Tel: (57) (4) 2852385";"Cl 79 48-105 B 3 L 17 Central Mayorista Itag Medellín, Colombia";"Abarrotes"
"H y R Distribuciones S.A.";"hyr@une.net.co";"Tel: (57) (4) 4447746";"Cl 85 50 A-36 Itagüí, Colombia";"Abarrotes"
"Vida Bella";"nelson.villalba@hotmail.com.co";"Cel.: (57) 3128244395";"Manga Cr18 A 19-55 Cj Sta Clara Cartagena, Colombia";"Abarrotes"
"DISTRIBUCIONES NENITA";"distribucionesnenita@hotmail.com";"Tel: (57) (1) 8350532";"Cl 12 8-16 Girardot, Colombia";"Abarrotes"
"Trilladora Industrial";"trilladora.industrial@gmail.com";"Tel: (57) (8) 2613469";"Cr5 21-36 Ibagué, Colombia";"Abarrotes"
"Supermercado Surtimar";"surtimar@hotmail.com";"Tel: (57) (8) 5120919";"Av Las Américas Cl 4 5 B-27 San Andrés, Colombia";"Abarrotes"
"NJ Market";"nolyjaypomare@gmail.com";"Tel: (57) (8) 5132718";"Loma Mission Hill 25-95 San Andrés, Colombia";"Abarrotes"
"TIPIS FRUT";"makroventasdelhuila@gmail.com";"Tel: (57) (8) 8640228";"Cr12 3 A-75 Neiva, Colombia";"Abarrotes"
"SUPERMERCADO EL TIGRE DE LA REBAJA";"tigre.rebaja.ch@hotmail.com";"Tel: (57) (2) 7299137";"Cl 18 14-28 Champagnat Pasto, Colombia";"Abarrotes"
"FRUVER LA SABANA";"edison-2587@hotmail.com";"Cel.: (57) 3124463262";"Cr31 19-24 Neiva, Colombia";"Abarrotes"
"SUPERMERCADO LA CANASTA";"lacanastacucuta@hotmail.com";"Tel: (57) (7) 5753842";"Av3 E 3-12 Cúcuta, Colombia";"Abarrotes"
"Casa Mudanzas";"casamudanza@hotmail.com";"Tel: (57) (7) 6310446";"Cr32 A 111-21 Of 505 Bucaramanga, Colombia";"Abarrotes"
"Chorizos el Ahumadito";"natamontoya042@hotmail.com";"Tel: (57) (4) 5434473";"Cl 44 31 A-02 El Carmen de Viboral Medellín, Colombia";"Abarrotes"
"Todo Aseo Ltda.";"ventasbarranca@todoaseoltda.com";"Tel: (57) (7) 6201872";"Cl 54 27-65 B. Galán Barrancabermeja, Colombia";"Abarrotes"
"Megaliados Distribuciones S.A.S";"megaliados@une.net.co";"Cel.: (57) 3217221267";"Cr55 76-69 Bdg 112 Platino Plaza Industrial ItagÏí Medellín, Colombia";"Abarrotes"
"DISTRIBUCIONES DULCEMANIAS S.A.S";"dulcemanias.sas@gmail.com";"Tel: (57) (8) 8740472";"Cr2 13-48 Neiva, Colombia";"Abarrotes"
"Arrendamientos San Cristóbal Ltda.";"sancristobalplaza@gmail.com";"Tel: (57) (4) 4270346";"Cl 63 129 A-70 San Cristóbal Medellín, Colombia";"Abarrotes"
"INDUSTRIAS FAMA LTDA.";"servicliente@indufama.com";"Tel: (57) (5) 3533988";"Cr73 76-90 Int 1 Barranquilla, Colombia";"Abarrotes"
"ALMACEN EL GRANO DE ORO";"elgranodeoro@gmail.com";"Tel: (57) (1) 3428066";"Cl 11 17-18 Int 6 Bogotá, Colombia";"Abarrotes"
"Distribuidora Girparr";"efra.parra@hotmail.com";"Tel: (57) (4) 4562077";"Cl 51 45-31 Bello, Colombia";"Abarrotes"
"El Correo de la Noche";"licorsexpress@hotmail.com";"Tel: (57) (4) 4442246";"Cr80 33-02 Medellín, Colombia";"Abarrotes"
"Lácteos La Holandesa No 2";"comercial@lacteoslaholandesa.com";"Tel: (57) (4) 2702847";"Cl 38 S 40-22 Envigado Medellín, Colombia";"Abarrotes"
"SUPERMERCADO MERCAR";"mercarss@hotmail.com";"Tel: (57) (2) 8330022";"Cr9 A 63 N-106 Bellavista Popayán, Colombia";"Abarrotes"
"Droguería del Oriente Cali # 3";"representacionesgiraldoycruz@yahoo.com";"Cel.: (57) 3148201961";"Cr1 1-10 Cali, Colombia";"Abarrotes"
"Granero Dinastía";"cesarherrera@gmail.com";"Tel: (57) (2) 3359389";"Cl 23 29 A-06 Cali, Colombia";"Abarrotes"
"SUPER TIENDA J. Y.";"yoobenymotta@gmail.com";"Cel.: (57) 3138928932";"Cr5 Este 14-58 Brr. San Andres Pitalito, Colombia";"Abarrotes"
"Supermercado Gaviria";"alvaro_zulu@hotmail.com";"Tel: (57) (2) 3355885";"Cl 23 31-31 Cali, Colombia";"Abarrotes"
"La Frijolera";"gmsecretariarg@gmail.com";"Tel: (57) (4) 2852384";"Central Mayorista B-13 L-90 Itagüí Medellín, Colombia";"Abarrotes"
"Cigarrería la 63";"mariangelicarey@hotmail.com";"Cel.: (57) 3204699757";"Cl 63 14-93 Bogotá, Colombia";"Abarrotes"
"Aluminio Vidrio Templado";"vitemplado@hotmail.com";"Tel: (57) (5) 3753667";"Cr15 27 C-58 Barranquilla, Colombia";"Abarrotes"
"ABARROTES E INVERSIONES MARTINEZ";"guillermomartinez1@hotmail.com";"Tel: (57) (4) 2853365";"Cl 85 48-01 B-13 L-30 Medellín, Colombia";"Abarrotes"
"DEPOSITO JAVIER SOLARTE";"deposolarte3@hotmail.com";"Tel: (57) (2) 8382901";"Cr4 7-45 Popayán, Colombia";"Abarrotes"
"Arrendamientos San Cristóbal Ltda.";"sancristobalplaza@gmail.com";"Tel: (57) (4) 4270346";"Cl 63 129 A-70 San Cristóbal Medellín, Colombia";"Abarrotes"
"SUPERMERCADO MERCAR";"mercarss@hotmail.com";"Tel: (57) (2) 8330022";"Cr9 A 63 N-106 Bellavista Popayán, Colombia";"Abarrotes"
"ALMACEN EL GRANO DE ORO";"elgranodeoro@gmail.com";"Tel: (57) (1) 3428066";"Cl 11 17-18 Int 6 Bogotá, Colombia";"Abarrotes"
"SUPER TIENDA J. Y.";"yoobenymotta@gmail.com";"Cel.: (57) 3138928932";"Cr5 Este 14-58 Brr. San Andres Pitalito, Colombia";"Abarrotes"
"El Mercado Rionegro";"elmercadoltda@yahoo.es";"Tel: (57) (4) 5319229";"Cl 38 59-156 Medellín, Colombia";"Abarrotes"
"Granero Dinastía";"cesarherrera@gmail.com";"Tel: (57) (2) 3359389";"Cl 23 29 A-06 Cali, Colombia";"Abarrotes"
"Distriya Ltda.";"rsinisterra@distriya.com";"Tel: (57) (2) 4358267";"Vía Candelaria Km 1.5 Cond Industrial La Nubia Bdg 26 Cali, Colombia";"Abarrotes"
"Aluminio Vidrio Templado";"vitemplado@hotmail.com";"Tel: (57) (5) 3753667";"Cr15 27 C-58 Barranquilla, Colombia";"Abarrotes"
"Super tiendas taiwan";"taiwansystem@hotmail.com";"Cel.: (57) 3176581954";"Sanandresito La Isla P 1 L D 05 Bucaramanga, Colombia";"Abarrotes"
"Caribe Supermercado";"caribe_sa@caribesupermercados.co";"Tel: (57) (2) 5161337";"Cr7 10-48 Jamundí, Colombia";"Abarrotes"
"Agencia El Campesino";"agenciaelcampesion@gmail.com";"Tel: (57) (4) 8608029";"Cl 30 30-40 Santa Rosa de Osos, Colombia";"Abarrotes"
"Depósito La Mina";"";"Tel: (57) (5) 3446033";"Cr43 9-03 L-1-2 Barranquilla, Colombia";"Abarrotes"
"Deposito La Economía";"";"Tel: (57) (8) 8709511";"Mercaneiva Zona de Descargue L-24 Neiva, Colombia";"Abarrotes"
"Oasis N-2";"";"Tel: (57) (5) 5840685";"Manz 13 Cs14 Urb La Castellana Valledupar, Colombia";"Abarrotes"
"Granero La Fuente";"";"Tel: (57) (5) 4216095";"Cr9 12-33 Santa Marta, Colombia";"Abarrotes"
"Distribuciones Ortega Reyes E.U.";"";"Cel.: (57) 3012430989";"Cr48 N 22-44 San Jacinto, Colombia";"Abarrotes"
"Inversiones Alnove S.A.S.";"";"Cel.: (57) 3016285576";"Clle 26 25-78 Ap 2 Cartagena, Colombia";"Abarrotes"
"Vila Santa S.A.S.";"";"Cel.: (57) 3008970486";"Cr86 49 Dd-115 Int. 307 Medellín, Colombia";"Abarrotes"
"Comercializadora Velamar S.A.S";"";"Tel: (57) (4) 5121671";"Cr51 Cll 56-66 Medellín, Colombia";"Abarrotes"
